generation number, pop_size, worst, best, median, avg, std, diversity, improvement, number_of_selections
0, 100, 20.78, 21.33, 21.04, 21.027500000000003, 0.11411726425041901,0.9997676767676767,0,1, 100, 20.82, 21.33, 21.03, 21.036800000000003, 0.10649769950567009,0.9703333333333334,0.0,2, 100, 20.84, 21.33, 21.01, 21.0336, 0.11280531902352824,0.937020202020202,0.0,3, 100, 20.78, 21.33, 21.03, 21.034100000000002, 0.11914776540078291,0.9243636363636364,0.0,4, 100, 20.82, 21.33, 21.03, 21.0465, 0.11516401347643271,0.8909090909090909,0.0,5, 100, 20.82, 21.33, 21.035, 21.0402, 0.11321642990308423,0.8712525252525253,0.0,6, 100, 20.8, 21.33, 21.025, 21.0335, 0.10913638256786773,0.8344646464646465,0.0,7, 100, 20.88, 21.33, 21.015, 21.036400000000004, 0.09560878620712636,0.8061010101010101,0.0,8, 100, 20.85, 21.39, 21.04, 21.0534, 0.10666977078816654,0.7535555555555555,0.002812939521800388,9, 100, 20.81, 21.39, 21.03, 21.0359, 0.10649971830948674,0.7432121212121212,0.0,10, 100, 20.79, 21.39, 21.04, 21.048299999999998, 0.11188435994364894,0.6888484848484848,0.0,11, 100, 20.87, 21.39, 21.05, 21.059300000000004, 0.10207110266867885,0.7057070707070707,0.0,12, 100, 20.87, 21.39, 21.02, 21.037799999999997, 0.10052442489265978,0.6892020202020201,0.0,13, 100, 20.83, 21.39, 21.015, 21.026499999999995, 0.11340524679220097,0.6981616161616161,0.0,14, 100, 20.84, 21.39, 21.025, 21.035600000000002, 0.10030274173720286,0.7120808080808081,0.0,15, 100, 20.82, 21.39, 21.025, 21.035300000000003, 0.11741767328643511,0.7071515151515151,0.0,16, 100, 20.84, 21.39, 21.05, 21.0525, 0.11237771131323138,0.7354242424242424,0.0,17, 100, 20.81, 21.39, 21.025, 21.0413, 0.11386531517542989,0.730010101010101,0.0,18, 100, 20.83, 21.39, 21.045, 21.0413, 0.11092930180975621,0.7266666666666668,0.0,19, 100, 20.82, 21.39, 21.035, 21.027800000000003, 0.1085871078903936,0.7125555555555556,0.0,