generation number, pop_size, worst, best, median, avg, std, diversity, improvement, number_of_selections
0, 100, 20.71, 21.25, 20.975, 20.980299999999996, 0.1160987080031472,0.9999191919191919,0,1, 100, 20.8, 21.34, 21.01, 21.0103, 0.11486039352187508,0.9747474747474747,0.004235294117647052,2, 100, 20.84, 21.35, 21.04, 21.049400000000006, 0.11534140626852102,0.957050505050505,0.0004686035613871398,3, 100, 20.85, 21.35, 21.07, 21.066799999999997, 0.11379701226306431,0.9348181818181818,0.0,4, 100, 20.85, 21.35, 21.035, 21.0415, 0.10356036886763181,0.8811313131313131,0.0,5, 100, 20.88, 21.35, 21.04, 21.047600000000003, 0.0996907217347733,0.8543737373737373,0.0,6, 100, 20.82, 21.37, 21.035, 21.039900000000003, 0.11149434963261605,0.8653838383838384,0.0009367681498828839,7, 100, 20.87, 21.37, 21.015, 21.033100000000005, 0.11223809513707914,0.8436060606060606,0.0,8, 100, 20.87, 21.37, 21.05, 21.066799999999997, 0.1090860211026144,0.829939393939394,0.0,9, 100, 20.84, 21.42, 21.05, 21.062700000000003, 0.11523762406436541,0.8042020202020201,0.002339728591483421,10, 100, 20.84, 21.42, 21.05, 21.052300000000006, 0.10949753421881249,0.7830202020202021,0.0,11, 100, 20.83, 21.42, 21.06, 21.051000000000002, 0.11129690022637659,0.7819292929292929,0.0,12, 100, 20.82, 21.42, 21.03, 21.035200000000003, 0.11260088809596497,0.7438181818181818,0.0,13, 100, 20.84, 21.42, 21.055, 21.0531, 0.11407624643193681,0.7583535353535353,0.0,14, 100, 20.85, 21.42, 21.05, 21.055400000000006, 0.10986737459318859,0.7404545454545455,0.0,15, 100, 20.86, 21.42, 21.03, 21.0408, 0.11270918329932136,0.7434343434343434,0.0,16, 100, 20.86, 21.42, 21.045, 21.044900000000002, 0.10670046860253253,0.6895656565656565,0.0,17, 100, 20.84, 21.42, 21.02, 21.0416, 0.11361091496858922,0.7023232323232322,0.0,18, 100, 20.83, 21.42, 21.03, 21.041499999999996, 0.1179268841274121,0.7057777777777778,0.0,19, 100, 20.86, 21.42, 21.03, 21.0465, 0.11329938216954244,0.7304545454545455,0.0,20, 100, 20.88, 21.42, 21.045, 21.050200000000004, 0.10395171956249707,0.7387171717171717,0.0,