generation number, pop_size, worst, best, median, avg, std, diversity, improvement, number_of_selections
0, 100, 41.72, 42.39, 42.05, 42.0479, 0.14938738233197593,0.9996818181818182,0,1, 100, 41.73, 42.45, 42.05, 42.0603, 0.15352820587761706,0.9724343434343434,0.0014154281670205773,2, 100, 41.76, 42.45, 42.07, 42.0767, 0.15967501369970197,0.9307575757575758,0.0,3, 100, 41.82, 42.56, 42.055, 42.0717, 0.13974301413666484,0.8787222222222222,0.0025912838633686554,4, 100, 41.74, 42.56, 42.075, 42.080799999999996, 0.16191158080878582,0.8661616161616161,0.0,5, 100, 41.74, 42.56, 42.08, 42.0925, 0.15300571884736888,0.8368333333333333,0.0,6, 100, 41.79, 42.56, 42.075, 42.0846, 0.1561628637032507,0.8036919191919192,0.0,7, 100, 41.79, 42.56, 42.095, 42.1152, 0.16353886388256478,0.7796767676767676,0.0,8, 100, 41.79, 42.57, 42.105000000000004, 42.10320000000001, 0.16611971586780433,0.7545353535353535,0.00023496240601499082,9, 100, 41.83, 42.57, 42.1, 42.1154, 0.16405133342950937,0.7741565656565658,0.0,10, 100, 41.8, 42.57, 42.055, 42.075500000000005, 0.15463101241342253,0.7523737373737374,0.0,11, 100, 41.83, 42.57, 42.1, 42.1049, 0.15541875691177054,0.7225656565656566,0.0,12, 100, 41.86, 42.57, 42.1, 42.105999999999995, 0.14787156589419084,0.6907676767676767,0.0,13, 100, 41.73, 42.57, 42.07, 42.08500000000001, 0.16944910740396377,0.6688383838383838,0.0,14, 100, 41.79, 42.57, 42.085, 42.0884, 0.16295226294838686,0.5931565656565656,0.0,15, 100, 41.8, 42.57, 42.09, 42.099700000000006, 0.15982149417396915,0.5803181818181817,0.0,16, 100, 41.82, 42.57, 42.095, 42.1008, 0.15298156751713604,0.5568737373737374,0.0,17, 100, 41.74, 42.57, 42.07, 42.0896, 0.160036995722864,0.5467474747474748,0.0,18, 100, 41.77, 42.57, 42.06, 42.0651, 0.16019672281292155,0.5533535353535355,0.0,19, 100, 41.81, 42.57, 42.05, 42.09090000000001, 0.15538400818617068,0.5336969696969697,0.0,