generation number, pop_size, worst, best, median, avg, std, diversity, improvement, number_of_selections
0, 100, 41.76, 42.48, 42.025000000000006, 42.0443, 0.15360504549004902,0.9996363636363637,0,1, 100, 41.8, 42.48, 42.075, 42.07260000000001, 0.14502841100970496,0.969919191919192,0.0,2, 100, 41.79, 42.48, 42.045, 42.06450000000001, 0.14765754298375688,0.9364595959595959,0.0,3, 100, 41.82, 42.52, 42.06, 42.0864, 0.1671018850881101,0.9166010101010101,0.0009416195856875296,4, 100, 41.79, 42.52, 42.06, 42.077000000000005, 0.1465435088975283,0.8880454545454546,0.0,5, 100, 41.78, 42.52, 42.05, 42.064099999999996, 0.15927394639425504,0.8437727272727273,0.0,6, 100, 41.75, 42.52, 42.07, 42.0917, 0.1633527165369467,0.785439393939394,0.0,7, 100, 41.83, 42.52, 42.08, 42.089800000000004, 0.12955292354864104,0.7813282828282828,0.0,8, 100, 41.79, 42.52, 42.09, 42.0937, 0.14801793810211006,0.7624040404040404,0.0,9, 100, 41.82, 42.54, 42.09, 42.1097, 0.16438646537960475,0.7236313131313131,0.00047036688617111994,10, 100, 41.77, 42.54, 42.08, 42.09270000000001, 0.1470568257511358,0.6362474747474748,0.0,11, 100, 41.75, 42.54, 42.07, 42.0946, 0.16386225923012293,0.5591010101010102,0.0,12, 100, 41.83, 42.54, 42.095, 42.09570000000001, 0.14292134200321513,0.4966010101010102,0.0,13, 100, 41.74, 42.66, 42.07, 42.0934, 0.17956736897331846,0.4670858585858586,0.0028208744710859768,14, 100, 41.78, 42.66, 42.075, 42.08560000000001, 0.15491494440498602,0.486020202020202,0.0,15, 100, 41.73, 42.66, 42.08, 42.0894, 0.17092583186867913,0.49982828282828284,0.0,16, 100, 41.86, 42.66, 42.09, 42.1166, 0.14070692946688848,0.516,0.0,17, 100, 41.79, 42.66, 42.04, 42.085, 0.16407010696650368,0.5121717171717173,0.0,18, 100, 41.78, 42.66, 42.08, 42.097, 0.16695208893571825,0.5091414141414141,0.0,19, 100, 41.78, 42.66, 42.09, 42.0951, 0.14680255447368748,0.5110151515151515,0.0,20, 100, 41.81, 42.66, 42.105000000000004, 42.100100000000005, 0.15872299770354614,0.49129797979797973,0.0,21, 100, 41.76, 42.66, 42.105000000000004, 42.11220000000001, 0.16344772864741777,0.5312424242424242,0.0,22, 100, 41.72, 42.66, 42.045, 42.0677, 0.17851529346249262,0.5363838383838384,0.0,23, 100, 41.75, 42.66, 42.075, 42.08240000000001, 0.1647550909683824,0.5577222222222222,0.0,24, 100, 41.75, 42.66, 42.065, 42.0796, 0.15927284765458272,0.5700101010101011,0.0,