generation number, pop_size, worst, best, median, avg, std, diversity, improvement, number_of_selections
0, 100, 20.79, 21.3, 21.04, 21.044399999999996, 0.09772737589846567,0.9997373737373737,0,1, 100, 20.79, 21.37, 21.04, 21.047800000000002, 0.12596491575037888,0.9668787878787879,0.003286384976525835,2, 100, 20.79, 21.37, 21.04, 21.043499999999998, 0.10989426736641007,0.9491010101010101,0.0,3, 100, 20.83, 21.44, 21.04, 21.047199999999997, 0.10957262431830325,0.9193131313131313,0.003275620028076756,4, 100, 20.84, 21.44, 21.02, 21.0354, 0.10752134671775643,0.9042222222222223,0.0,5, 100, 20.86, 21.44, 21.08, 21.0749, 0.1066817228957238,0.8596868686868687,0.0,6, 100, 20.87, 21.44, 21.04, 21.0531, 0.10889164338919673,0.8264848484848485,0.0,7, 100, 20.85, 21.44, 21.04, 21.054499999999997, 0.11277743568639977,0.7759090909090909,0.0,8, 100, 20.81, 21.44, 21.06, 21.057399999999998, 0.11276187298905611,0.7443535353535353,0.0,9, 100, 20.85, 21.44, 21.02, 21.0334, 0.11182325339570473,0.7092727272727273,0.0,10, 100, 20.86, 21.44, 21.06, 21.050500000000003, 0.10489399410833795,0.685020202020202,0.0,11, 100, 20.81, 21.44, 21.025, 21.041499999999996, 0.12237953260247407,0.706969696969697,0.0,12, 100, 20.82, 21.44, 21.04, 21.0511, 0.1126045736193696,0.7365050505050506,0.0,13, 100, 20.86, 21.44, 21.045, 21.058900000000005, 0.10913198431257465,0.7357070707070708,0.0,14, 100, 20.8, 21.44, 21.05, 21.053700000000003, 0.11631556215743456,0.7595757575757576,0.0,