generation number, pop_size, worst, best, median, avg, std, diversity, improvement, number_of_selections
0, 100, 31.21, 31.76, 31.48, 31.476699999999997, 0.12982338002070348,0.9998855218855219,0,1, 100, 31.29, 31.86, 31.54, 31.543400000000002, 0.13688842171637444,0.9747138047138048,0.0031486146095717213,2, 100, 31.26, 31.88, 31.52, 31.518000000000008, 0.11805083650698953,0.9477575757575758,0.0006277463904582415,3, 100, 31.19, 31.91, 31.525, 31.53730000000001, 0.1472199375084773,0.9313131313131313,0.0009410288582183544,4, 100, 31.29, 31.96, 31.56, 31.559299999999997, 0.1439531521016475,0.9106060606060606,0.001566906925728634,5, 100, 31.29, 31.96, 31.56, 31.571800000000003, 0.1346653630299937,0.8627407407407407,0.0,6, 100, 31.29, 31.96, 31.55, 31.5645, 0.13983829947478615,0.823925925925926,0.0,7, 100, 31.3, 31.96, 31.595, 31.588300000000004, 0.13370157067140245,0.802956228956229,0.0,8, 100, 31.26, 31.96, 31.56, 31.562899999999996, 0.13225199431388543,0.7741616161616162,0.0,9, 100, 31.3, 31.96, 31.555, 31.57050000000001, 0.1275333289771736,0.773070707070707,0.0,10, 100, 31.33, 31.96, 31.545, 31.5554, 0.1351474750041598,0.7638316498316498,0.0,11, 100, 31.27, 31.96, 31.575, 31.581099999999996, 0.14669625080417031,0.7303030303030302,0.0,12, 100, 31.29, 31.96, 31.54, 31.546, 0.1338058294694219,0.7575892255892256,0.0,13, 100, 31.26, 31.96, 31.55, 31.567100000000014, 0.1396015401061176,0.7451178451178451,0.0,14, 100, 31.28, 31.96, 31.57, 31.575400000000005, 0.13465080764703935,0.7558787878787878,0.0,15, 100, 31.25, 31.96, 31.56, 31.586200000000005, 0.15551064272261242,0.7600606060606061,0.0,