generation number, pop_size, worst, best, median, avg, std, diversity, improvement, number_of_selections
0, 100, 31.16, 31.87, 31.51, 31.518700000000003, 0.13763469766014672,0.9997710437710438,0,1, 100, 31.28, 31.88, 31.55, 31.55580000000001, 0.1283057286328245,0.9765791245791245,0.00031377470975833105,2, 100, 31.3, 31.88, 31.54, 31.538700000000002, 0.11909370260429396,0.955043771043771,0.0,3, 100, 31.33, 31.88, 31.53, 31.551699999999997, 0.12240959929678732,0.9322289562289563,0.0,4, 100, 31.25, 31.89, 31.54, 31.547800000000006, 0.1367009875604416,0.8947878787878788,0.00031367628607282194,5, 100, 31.24, 31.92, 31.53, 31.562199999999997, 0.14306348241252906,0.856060606060606,0.0009407337723424627,6, 100, 31.29, 31.92, 31.59, 31.598599999999998, 0.13535154228895965,0.8571784511784512,0.0,7, 100, 31.31, 31.92, 31.564999999999998, 31.567899999999998, 0.12944724794293636,0.8577508417508417,0.0,8, 100, 31.32, 31.98, 31.6, 31.5929, 0.12967879549101316,0.8615622895622895,0.0018796992481202605,9, 100, 31.36, 31.98, 31.545, 31.561700000000005, 0.1253000798084344,0.8445925925925926,0.0,10, 100, 31.35, 31.98, 31.595, 31.586900000000004, 0.13236083257519948,0.8214208754208754,0.0,11, 100, 31.32, 31.98, 31.564999999999998, 31.583100000000005, 0.14062499777777776,0.7825252525252525,0.0,12, 100, 31.27, 31.98, 31.52, 31.540300000000002, 0.1263523248697863,0.767016835016835,0.0,13, 100, 31.33, 31.98, 31.555, 31.559100000000004, 0.12503675459639862,0.7720404040404041,0.0,14, 100, 31.31, 31.98, 31.56, 31.5783, 0.13782637628552838,0.7681818181818182,0.0,15, 100, 31.32, 31.98, 31.56, 31.572700000000005, 0.12856014156806142,0.7769831649831649,0.0,16, 100, 31.33, 31.98, 31.57, 31.578199999999995, 0.12911529731213123,0.7607676767676768,0.0,17, 100, 31.28, 31.98, 31.56, 31.571100000000005, 0.14614304636211742,0.7638114478114478,0.0,18, 100, 31.34, 31.98, 31.55, 31.57850000000001, 0.14348083495714678,0.7217912457912459,0.0,19, 100, 31.26, 31.98, 31.555, 31.564200000000007, 0.12241062045427273,0.7107474747474747,0.0,