generation number, pop_size, worst, best, median, avg, std, diversity, improvement, number_of_selections
0, 100, 41.66, 42.31, 42.06, 42.0485, 0.14666543560089393,0.9996515151515152,0,1, 100, 41.8, 42.45, 42.07, 42.07450000000001, 0.14754914435536423,0.9664141414141414,0.003308910423067846,2, 100, 41.8, 42.45, 42.095, 42.0879, 0.14840683946503277,0.9477626262626263,0.0,3, 100, 41.78, 42.45, 42.07, 42.064699999999995, 0.1498496246241543,0.9255252525252525,0.0,4, 100, 41.8, 42.45, 42.09, 42.086900000000014, 0.14672896782844216,0.9038737373737373,0.0,5, 100, 41.72, 42.65, 42.04, 42.0663, 0.1757535490395571,0.8909444444444444,0.004711425206124752,6, 100, 41.85, 42.65, 42.05, 42.080200000000005, 0.13450635672710792,0.8773535353535353,0.0,7, 100, 41.85, 42.65, 42.08, 42.104400000000005, 0.16285158887772633,0.8443383838383838,0.0,8, 100, 41.79, 42.65, 42.09, 42.103100000000005, 0.14588142445150418,0.8072373737373737,0.0,9, 100, 41.8, 42.65, 42.07, 42.0844, 0.16332985030299865,0.8182222222222222,0.0,10, 100, 41.78, 42.65, 42.08, 42.091499999999996, 0.16142722818657318,0.8087929292929293,0.0,11, 100, 41.77, 42.65, 42.075, 42.092800000000004, 0.16711122044913668,0.8004191919191919,0.0,12, 100, 41.81, 42.65, 42.09, 42.1061, 0.1661799927789141,0.7779090909090909,0.0,13, 100, 41.77, 42.65, 42.075, 42.09350000000001, 0.1582932405379332,0.7553636363636363,0.0,14, 100, 41.88, 42.65, 42.09, 42.1034, 0.14849390559884929,0.7080050505050506,0.0,15, 100, 41.81, 42.65, 42.07, 42.0797, 0.15907517090985604,0.7107171717171716,0.0,16, 100, 41.81, 42.65, 42.12, 42.11730000000001, 0.17047495417215958,0.6783232323232323,0.0,