generation number, pop_size, worst, best, median, avg, std, diversity, improvement, number_of_selections
0, 100, 10.13, 11.82, 10.555, 10.676800000000004, 0.40681170091333413,0.9979595959595959,0,[1.e-300 1.e-300 1.e-300 1.e-300 1.e-300 1.e-300 1.e-300 1.e-300]
1, 100, 10.29, 12.82, 11.22, 11.213400000000002, 0.5446599305989013,0.9656161616161616,0.08460236886632826,[13. 13. 12. 13. 13. 12. 12. 12.]
2, 100, 10.56, 13.6, 11.795, 11.8541, 0.6354653334368445,0.9211919191919192,0.06084243369734784,[29. 26. 24. 23. 26. 23. 26. 23.]
3, 100, 11.08, 14.48, 12.625, 12.6517, 0.7774446025280516,0.8587070707070708,0.06470588235294124,[74. 40. 28. 26. 37. 28. 39. 28.]
4, 100, 12.21, 15.37, 13.41, 13.398900000000001, 0.5884520286310515,0.7857575757575758,0.06146408839778997,[110.  94.  28.  26.  43.  28.  43.  28.]
5, 100, 12.64, 15.37, 13.855, 13.895000000000005, 0.6423807282289842,0.7764444444444445,0.0,[135. 122.  28.  26.  45.  28.  88.  28.]
6, 100, 13.09, 15.53, 14.495000000000001, 14.425299999999998, 0.5811961028775056,0.7453535353535353,0.010409889394925188,[146. 144.  28.  26.  71.  28. 129.  28.]
7, 100, 13.49, 16.51, 14.91, 14.907100000000003, 0.6485018041609445
