generation number, pop_size, worst, best, median, avg, std, diversity, improvement, number_of_selections
0, 100, 41.96, 45.84, 43.755, 43.7431, 0.6581834014923196,0.757084175084175,0,1, 100, 42.79, 45.84, 44.04, 44.0558, 0.6074671678370778,0.7364713804713805,0.0,2, 100, 43.31, 46.03, 44.435, 44.46579999999999, 0.6265240298663735,0.6958653198653199,0.004144851657940613,3, 100, 43.42, 46.03, 44.685, 44.6659, 0.5429974125168558,0.642026936026936,0.0,4, 100, 43.72, 46.44, 44.8, 44.82500000000001, 0.5326058580226092,0.6105723905723905,0.008907234412339704,5, 100, 43.89, 46.44, 44.91, 44.978899999999996, 0.5638189337012366,0.5624579124579124,0.0,6, 100, 44.18, 46.44, 45.15, 45.13210000000001, 0.5242237976284555,0.5077845117845118,0.0,7, 100, 43.99, 46.48, 45.185, 45.1829, 0.5414984672185138,0.48830303030303024,0.0008613264427217732,8, 100, 44.25, 46.62, 45.35, 45.36900000000001, 0.531329464645054,0.4698855218855219,0.0030120481927710966,9, 100, 43.94, 46.62, 45.230000000000004, 45.225199999999994, 0.6345336555297911,0.46186531986531987,0.0,10, 100, 44.48, 46.62, 45.45, 45.435500000000005, 0.49307681957277233,0.4505521885521886,0.0,11, 100, 44.07, 46.74, 45.49, 45.454299999999996, 0.5891540630429363,0.43921212121212116,0.0025740025740026715,12, 100, 44.61, 47.51, 45.695, 45.700199999999995, 0.5538898446442213,0.41906397306397314,0.016474112109542062,13, 100, 44.53, 47.51, 45.76, 45.736000000000004, 0.4859835388158736,0.39443097643097647,0.0,14, 100, 44.58, 47.51, 45.69, 45.672799999999995, 0.5392218096479406,0.4101212121212121,0.0,15, 100, 44.59, 47.51, 45.7, 45.7825, 0.5965708256359843,0.4014478114478116,0.0,16, 100, 44.49, 47.51, 45.82, 45.81129999999999, 0.5257217039461087,0.3748686868686868,0.0,17, 100, 44.38, 47.51, 45.905, 45.8692, 0.6318111743234679,0.37382491582491584,0.0,18, 100, 44.92, 47.51, 45.845, 45.8738, 0.5005692359704098,0.37050505050505056,0.0,19, 100, 44.81, 47.51, 45.92, 45.9066, 0.5871051353888839,0.36517845117845116,0.0,20, 100, 44.75, 47.51, 45.84, 45.85560000000001, 0.49242526336490894,0.3734478114478117,0.0,21, 100, 44.65, 47.51, 45.769999999999996, 45.78149999999999, 0.4867923068414287,0.38414141414141423,0.0,22, 100, 44.87, 47.51, 45.825, 45.8764, 0.5422204717640231,0.39796632996632997,0.0,23, 100, 44.95, 47.51, 45.97, 45.991800000000005, 0.5837026297696455,0.39534680134680134,0.0,