generation number, pop_size, worst, best, median, avg, std, diversity, improvement, number_of_selections
0, 100, 10.27, 10.7, 10.5, 10.5051, 0.08511750701236497,0.9998787878787879,0,1, 100, 10.36, 10.7, 10.504999999999999, 10.511000000000001, 0.06793379129711508,0.9749696969696969,0.0,2, 100, 10.37, 10.7, 10.51, 10.5183, 0.07344460497545066,0.9513333333333334,0.0,3, 100, 10.4, 10.7, 10.52, 10.526300000000003, 0.06959389341026972,0.9468484848484848,0.0,4, 100, 10.37, 10.76, 10.51, 10.520999999999999, 0.07539893898457721,0.936989898989899,0.005607476635514066,5, 100, 10.33, 10.76, 10.53, 10.527399999999998, 0.07512150158243643,0.9227070707070707,0.0,6, 100, 10.35, 10.76, 10.51, 10.515099999999997, 0.08029315039279501,0.9175757575757576,0.0,7, 100, 10.41, 10.76, 10.53, 10.531200000000002, 0.07230878231584319,0.9062626262626263,0.0,8, 100, 10.37, 10.76, 10.52, 10.5166, 0.07900911339839217,0.9002424242424242,0.0,9, 100, 10.39, 10.76, 10.51, 10.521100000000004, 0.07653620058508265,0.8925252525252525,0.0,10, 100, 10.37, 10.76, 10.52, 10.519, 0.07908855795878432,0.8759191919191919,0.0,11, 100, 10.38, 10.76, 10.52, 10.524400000000004, 0.0846914399452506,0.862989898989899,0.0,12, 100, 10.38, 10.76, 10.535, 10.531300000000002, 0.07465460468048829,0.8574949494949495,0.0,13, 100, 10.37, 10.76, 10.52, 10.521499999999998, 0.08016701316626436,0.8337575757575757,0.0,14, 100, 10.37, 10.76, 10.52, 10.523900000000001, 0.07849707000901371,0.7905656565656566,0.0,15, 100, 10.36, 10.76, 10.51, 10.515999999999998, 0.08198780397107845,0.8087878787878788,0.0,