generation number, pop_size, worst, best, median, avg, std, diversity, improvement, number_of_selections
0, 2, 576.46, 587.25, 581.855, 581.855, 5.394999999999982,0.4,0,[1.e-300 1.e-300 1.e-300 1.e-300 1.e-300 1.e-300 1.e-300 1.e-300]
1, 2, 582.18, 587.25, 584.7149999999999, 584.7149999999999, 2.535000000000025,0.040000000000000036,0.0,[1.e+000 1.e+000 1.e-300 1.e-300 1.e-300 1.e-300 1.e-300 1.e-300]
2, 2, 583.4, 587.25, 585.325, 585.325, 1.9250000000000114,0.040000000000000036,0.0,[1.e+000 1.e+000 1.e+000 1.e+000 1.e-300 1.e-300 1.e-300 1.e-300]
3, 2, 577.74, 587.25, 582.495, 582.495, 4.7549999999999955,0.5666666666666667,0.0,[1.e+000 1.e+000 1.e+000 1.e+000 1.e+000 1.e+000 1.e-300 1.e-300]
4, 3, 585.38, 587.95, 587.25, 586.86, 1.0848348568638013,0.07999999999999996,0.0011919965942955224,[1. 1. 1. 1. 1. 1. 1. 1.]
5, 2, 584.54, 587.95, 586.245, 586.245, 1.705000000000041,0.06000000000000005,0.0,[2. 1. 1. 1. 1. 2. 1. 1.]
6, 2, 587.08, 587.95, 587.5150000000001, 587.5150000000001, 0.4350000000000023,0.07999999999999996,0.0,[2. 2. 1. 1. 1. 3. 1. 1.]
7, 2, 585.32, 587.95, 586.635, 586.635, 1.3149999999999977
