generation number, pop_size, worst, best, median, avg, std, diversity, improvement, number_of_selections
0, 2, 210.47, 217.4, 213.935, 213.935, 3.4650000000000034,0.475,0,[1.e-300 1.e-300 1.e-300 1.e-300 1.e-300 1.e-300 1.e-300 1.e-300]
1, 2, 217.4, 223.67, 220.535, 220.535, 3.134999999999991,0.050000000000000044,0.02884084636614527,[1.e+000 1.e+000 1.e-300 1.e-300 1.e-300 1.e-300 1.e-300 1.e-300]
2, 2, 217.18, 223.67, 220.425, 220.425, 3.2449999999999903,0.07499999999999996,0.0,[1.e+000 1.e+000 1.e+000 1.e+000 1.e-300 1.e-300 1.e-300 1.e-300]
3, 2, 223.35, 223.67, 223.51, 223.51, 0.1599999999999966,0.050000000000000044,0.0,[1.e+000 1.e+000 1.e+000 1.e+000 1.e+000 1.e+000 1.e-300 1.e-300]
4, 2, 223.48, 223.67, 223.575, 223.575, 0.09499999999999886,0.625,0.0,[1. 1. 1. 1. 1. 1. 1. 1.]
5, 3, 216.98, 223.67, 219.1, 219.91666666666666, 2.791562684630638
