generation number, pop_size, worst, best, median, avg, std, diversity, improvement, number_of_selections
0, 2, 244.5, 258.36, 251.43, 251.43, 6.930000000000007,0.38,0,[1.e-300 1.e-300 1.e-300 1.e-300 1.e-300 1.e-300 1.e-300 1.e-300]
1, 2, 245.47, 258.36, 251.91500000000002, 251.91500000000002, 6.445000000000007,0.06000000000000005,0.0,[1.e+000 1.e+000 1.e-300 1.e-300 1.e-300 1.e-300 1.e-300 1.e-300]
2, 2, 252.54, 258.36, 255.45, 255.45, 2.910000000000011,0.040000000000000036,0.0,[1.e+000 1.e+000 1.e+000 1.e+000 1.e-300 1.e-300 1.e-300 1.e-300]
3, 2, 247.51, 258.36, 252.935, 252.935, 5.425000000000011,0.6199999999999999,0.0,[1.e+000 1.e+000 1.e+000 1.e+000 1.e+000 1.e+000 1.e-300 1.e-300]
4, 3, 251.53, 258.36, 252.72, 254.20333333333335, 2.979086362554062,0.51,0.0,[1. 1. 1. 1. 1. 1. 1. 1.]
5, 4, 252.16, 258.36, 253.725, 254.49249999999998, 2.4329752875851494
