generation number, pop_size, worst, best, median, avg, std, diversity, improvement, number_of_selections
0, 100, 31.2, 31.87, 31.545, 31.536800000000003, 0.13963437972075501,0.9997171717171717,0,1, 100, 31.27, 31.87, 31.55, 31.5511, 0.12362762636239512,0.973925925925926,0.0,2, 100, 31.31, 31.87, 31.54, 31.551, 0.12774584141959386,0.9527676767676768,0.0,3, 100, 31.24, 31.96, 31.575, 31.581699999999998, 0.1364188769928856,0.9278989898989899,0.0028239723878255366,4, 100, 31.29, 31.96, 31.52, 31.537700000000005, 0.13487664734860533,0.9150437710437711,0.0,5, 100, 31.3, 31.96, 31.575, 31.579800000000006, 0.13777503402285937,0.902080808080808,0.0,6, 100, 31.33, 31.96, 31.57, 31.566900000000004, 0.1274103214029383,0.8919393939393939,0.0,7, 100, 31.31, 31.96, 31.575, 31.5737, 0.13438493219107586,0.8584175084175084,0.0,8, 100, 31.32, 31.96, 31.54, 31.5605, 0.1305249018386914,0.8456296296296296,0.0,9, 100, 31.31, 31.96, 31.53, 31.552400000000006, 0.14109656267960613,0.8174545454545454,0.0,10, 100, 31.35, 31.96, 31.56, 31.577199999999994, 0.12907424220192024,0.7907609427609428,0.0,11, 100, 31.29, 31.96, 31.585, 31.571800000000003, 0.14357841063335383,0.7765252525252525,0.0,12, 100, 31.32, 32.04, 31.585, 31.591000000000005, 0.14332829448507378,0.7890303030303031,0.0025031289111388704,13, 100, 31.29, 32.04, 31.55, 31.551900000000003, 0.1382150136562596,0.7915420875420875,0.0,14, 100, 31.3, 32.04, 31.56, 31.568100000000005, 0.14472522240438937,0.7616026936026936,0.0,15, 100, 31.29, 32.04, 31.56, 31.5771, 0.12514227902671407,0.7833063973063973,0.0,16, 100, 31.36, 32.04, 31.56, 31.568300000000008, 0.12359656144084269,0.750020202020202,0.0,17, 100, 31.33, 32.04, 31.57, 31.5786, 0.14203534771316612,0.7296430976430976,0.0,18, 100, 31.32, 32.04, 31.58, 31.573400000000003, 0.12866405869550346,0.7136565656565657,0.0,19, 100, 31.29, 32.04, 31.595, 31.5873, 0.14057634936218835,0.7155690235690235,0.0,20, 100, 31.28, 32.04, 31.545, 31.5526, 0.1300662907905042,0.6939528619528619,0.0,21, 100, 31.29, 32.04, 31.54, 31.551400000000005, 0.146649377768881,0.6640471380471382,0.0,22, 100, 31.27, 32.04, 31.59, 31.574299999999997, 0.1457892657228233,0.6563703703703704,0.0,23, 100, 31.29, 32.04, 31.55, 31.5583, 0.14686766151879718,0.6543097643097643,0.0,