generation number, pop_size, worst, best, median, avg, std, diversity, improvement, number_of_selections
0, 100, 98.14, 135.66, 111.525, 112.35050000000001, 6.58232806459842,0.7063131313131313,0,1, 100, 104.76, 135.66, 116.11500000000001, 116.68389999999998, 6.655972640418528,0.6995353535353536,0.0,2, 100, 108.93, 135.66, 120.68, 121.0449, 6.10286858698432,0.6708686868686868,0.0,3, 100, 115.12, 141.9, 124.295, 124.80390000000001, 5.310703888374873,0.617939393939394,0.045997346306943895,4, 100, 115.89, 144.31, 128.315, 128.4389, 5.864486660399186,0.5382323232323232,0.016983791402396028,5, 100, 122.48, 144.65, 132.74, 132.7694, 5.129066741620741,0.44240404040404036,0.0023560390825306866,6, 100, 124.47, 146.22, 135.26, 135.4944, 4.533696134502179,0.3670000000000001,0.010853784998271642,7, 100, 126.8, 146.22, 137.125, 137.0236, 4.171181252355262,0.36076767676767674,0.0,8, 100, 127.69, 146.22, 138.28, 138.1575, 4.0186954039837355,0.33777777777777773,0.0,9, 100, 127.88, 154.48, 138.83499999999998, 138.60229999999999, 4.641138837613027,0.35464646464646465,0.05649022021611264,10, 100, 130.85, 154.48, 140.195, 140.3478, 4.5198206999835735,0.3543939393939395,0.0,11, 100, 133.96, 154.48, 141.565, 141.677, 4.1719466679237405,0.35218181818181815,0.0,12, 100, 135.53, 154.48, 142.555, 142.68, 3.973357270621407,0.3489494949494949,0.0,13, 100, 136.17, 154.48, 144.115, 144.0275, 3.8626968234641463,0.3154242424242423,0.0,14, 100, 136.94, 154.48, 145.055, 144.59349999999998, 3.4646663259251973,0.3217474747474748,0.0,15, 100, 135.1, 154.48, 144.155, 144.18120000000002, 3.5779928116193855,0.323090909090909,0.0,16, 100, 135.08, 154.48, 144.675, 144.3451, 3.526000140385702,0.32702020202020177,0.0,17, 100, 135.41, 154.48, 143.66500000000002, 143.17970000000003, 4.026139951616187,0.34671717171717176,0.0,18, 100, 133.3, 154.48, 143.125, 143.09879999999998, 4.3271591789533215,0.331171717171717,0.0,19, 100, 135.46, 154.48, 143.805, 143.75, 3.935368089518438,0.32339393939393957,0.0,20, 100, 135.45, 154.48, 144.78, 144.13490000000002, 3.807751697524406,0.334171717171717,0.0,