generation number, pop_size, worst, best, median, avg, std, diversity, improvement, number_of_selections
0, 2, 122.0, 132.78, 127.39, 127.39, 5.390000000000001,0.6,0,[1.e-300 1.e-300 1.e-300 1.e-300 1.e-300 1.e-300 1.e-300 1.e-300]
1, 2, 130.79, 132.78, 131.785, 131.785, 0.9950000000000045,0.19999999999999996,0.0,[1.e+000 1.e+000 1.e-300 1.e-300 1.e-300 1.e-300 1.e-300 1.e-300]
2, 2, 132.78, 133.76, 133.26999999999998, 133.26999999999998, 0.4899999999999949,0.15000000000000002,0.007380629612893431,[1.e+000 1.e+000 1.e+000 1.e+000 1.e-300 1.e-300 1.e-300 1.e-300]
3, 2, 133.76, 140.62, 137.19, 137.19, 3.430000000000007,0.09999999999999998,0.05128588516746422,[1.e+000 1.e+000 1.e+000 1.e+000 1.e+000 1.e+000 1.e-300 1.e-300]
4, 2, 140.62, 143.75, 142.185, 142.185, 1.5649999999999977,0.19999999999999996,0.022258569193571293,[1. 1. 1. 1. 1. 1. 1. 1.]
5, 2, 140.06, 143.75, 141.905, 141.905, 1.8449999999999989,0.15000000000000002,0.0,[1. 1. 1. 1. 1. 3. 1. 1.]
6, 2, 134.63, 143.75, 139.19, 139.19, 4.560000000000002,0.15000000000000002,0.0,[1. 1. 1. 1. 1. 5. 1. 1.]
7, 2, 143.62, 143.75, 143.685, 143.685, 0.06499999999999773,0.6666666666666667,0.0,[1. 1. 1. 1. 1. 7. 1. 1.]
8, 3, 138.32, 143.75, 142.74, 141.60333333333332, 2.3579982094046588
