generation number, pop_size, worst, best, median, avg, std, diversity, improvement, number_of_selections
0, 100, 31.25, 31.8, 31.545, 31.541400000000003, 0.1166449313086513,0.9996430976430977,0,1, 100, 31.18, 31.8, 31.56, 31.5482, 0.12692816866243678,0.9722693602693603,0.0,2, 100, 31.27, 31.83, 31.55, 31.555, 0.12125592769015475,0.9349292929292929,0.0009433962264150183,3, 100, 31.3, 31.85, 31.54, 31.562700000000003, 0.1245701007465275,0.9158518518518518,0.0006283380458687756,4, 100, 31.36, 31.92, 31.57, 31.577500000000004, 0.12317771714072326,0.8893872053872054,0.0021978021978022065,5, 100, 31.31, 31.92, 31.54, 31.552000000000003, 0.14016418943510514,0.8748821548821548,0.0,6, 100, 31.29, 31.92, 31.56, 31.5552, 0.1285105443144648,0.8770505050505051,0.0,7, 100, 31.21, 31.93, 31.545, 31.546, 0.1458835151756361,0.8487744107744108,0.00031328320801998777,8, 100, 31.33, 31.93, 31.56, 31.571000000000005, 0.13031116606031903,0.8205319865319866,0.0,9, 100, 31.3, 31.93, 31.56, 31.575499999999998, 0.13421903739782962,0.795063973063973,0.0,10, 100, 31.33, 31.93, 31.54, 31.5508, 0.1224310418153828,0.79006734006734,0.0,11, 100, 31.33, 32.01, 31.56, 31.575599999999998, 0.14304768435734985,0.8021616161616161,0.002505480739116765,12, 100, 31.27, 32.01, 31.56, 31.5651, 0.13824973779360303,0.7757777777777778,0.0,13, 100, 31.3, 32.01, 31.57, 31.570700000000002, 0.13589889624275817,0.7661077441077441,0.0,14, 100, 31.31, 32.01, 31.57, 31.578400000000006, 0.13153493832438587,0.7727003367003367,0.0,15, 100, 31.3, 32.01, 31.55, 31.561000000000003, 0.13498518437221158,0.7877643097643097,0.0,16, 100, 31.24, 32.01, 31.56, 31.569899999999997, 0.1363121051117618,0.7847744107744108,0.0,17, 100, 31.27, 32.01, 31.56, 31.5719, 0.1358800574035793,0.782,0.0,18, 100, 31.3, 32.01, 31.52, 31.5497, 0.13342754588165057,0.782996632996633,0.0,19, 100, 31.29, 32.01, 31.575, 31.585, 0.13401119356232882,0.7685454545454545,0.0,20, 100, 31.3, 32.01, 31.55, 31.5618, 0.12535852583689697,0.7532323232323233,0.0,21, 100, 31.32, 32.01, 31.555, 31.572400000000002, 0.13439583326874371,0.6926262626262627,0.0,22, 100, 31.31, 32.01, 31.57, 31.569900000000008, 0.12341389711049565,0.6684781144781144,0.0,