generation number, pop_size, worst, best, median, avg, std, diversity, improvement, number_of_selections
0, 100, 10.25, 10.74, 10.485, 10.488300000000002, 0.08426215045914746,0.9999393939393939,0,1, 100, 10.37, 10.74, 10.51, 10.525, 0.07754353615872824,0.9739393939393939,0.0,2, 100, 10.37, 10.76, 10.52, 10.526599999999998, 0.07447442514044667,0.9522828282828283,0.0018621973929236102,3, 100, 10.35, 10.8, 10.524999999999999, 10.530099999999997, 0.09179863833412781,0.9432323232323232,0.003717472118959194,4, 100, 10.37, 10.8, 10.51, 10.5187, 0.07740355289003208,0.9382020202020203,0.0,5, 100, 10.37, 10.8, 10.53, 10.5331, 0.07827764687316549,0.9321818181818182,0.0,6, 100, 10.38, 10.8, 10.5, 10.515100000000002, 0.07922745736170007,0.9186464646464647,0.0,7, 100, 10.36, 10.8, 10.5, 10.515499999999998, 0.08800426126046393,0.917010101010101,0.0,8, 100, 10.38, 10.8, 10.515, 10.5233, 0.08078434254235159,0.9023636363636364,0.0,9, 100, 10.41, 10.8, 10.515, 10.531200000000002, 0.07558147921283363,0.9150505050505051,0.0,10, 100, 10.4, 10.8, 10.53, 10.537300000000002, 0.07743197014153776,0.9196565656565656,0.0,11, 100, 10.4, 10.8, 10.52, 10.527700000000003, 0.07953433220943017,0.9013333333333333,0.0,12, 100, 10.38, 10.8, 10.515, 10.520700000000001, 0.0791865518885625,0.8802424242424243,0.0,13, 100, 10.35, 10.8, 10.524999999999999, 10.528599999999999, 0.07635469861115286,0.8708484848484849,0.0,14, 100, 10.37, 10.8, 10.5, 10.51, 0.07929691040639598,0.868909090909091,0.0,