generation number, pop_size, worst, best, median, avg, std, diversity, improvement, number_of_selections
0, 100, 31.02, 31.86, 31.47, 31.466800000000003, 0.15423281103578437,0.9998518518518519,0,1, 100, 31.27, 31.86, 31.465, 31.484500000000008, 0.13401772270860304,0.9765993265993266,0.0,2, 100, 31.26, 31.86, 31.48, 31.497900000000005, 0.12817406133847806,0.9368888888888889,0.0,3, 100, 31.28, 31.88, 31.54, 31.544300000000007, 0.12876532918452838,0.9116835016835017,0.0006277463904582415,4, 100, 31.31, 31.96, 31.535, 31.544600000000006, 0.13631889084055804,0.9096094276094276,0.002509410288582241,5, 100, 31.28, 31.96, 31.545, 31.540400000000005, 0.13952720164899762,0.9012525252525252,0.0,6, 100, 31.25, 32.03, 31.525, 31.5376, 0.14816963251624807,0.8874612794612795,0.002190237797246567,7, 100, 31.26, 32.03, 31.53, 31.541500000000006, 0.14618737975625662,0.8748686868686869,0.0,8, 100, 31.3, 32.03, 31.564999999999998, 31.572400000000002, 0.1497071808564974,0.8544511784511785,0.0,9, 100, 31.26, 32.03, 31.55, 31.538300000000003, 0.1410961020014373,0.8047878787878788,0.0,10, 100, 31.22, 32.03, 31.53, 31.538600000000002, 0.14206350692560007,0.8052323232323232,0.0,11, 100, 31.29, 32.03, 31.54, 31.539700000000003, 0.14088615971769564,0.7533468013468014,0.0,12, 100, 31.33, 32.03, 31.555, 31.58120000000001, 0.14128892384047664,0.7578585858585859,0.0,13, 100, 31.28, 32.09, 31.56, 31.566899999999997, 0.1343926709311191,0.737023569023569,0.0018732438339057844,14, 100, 31.29, 32.09, 31.59, 31.5843, 0.1320928082826619,0.727043771043771,0.0,15, 100, 31.33, 32.09, 31.56, 31.584400000000002, 0.14980867798629038,0.7032255892255892,0.0,16, 100, 31.3, 32.09, 31.53, 31.548000000000002, 0.1475262688472803,0.7391986531986532,0.0,17, 100, 31.3, 32.09, 31.57, 31.562100000000004, 0.13824105757697322,0.7182020202020202,0.0,18, 100, 31.29, 32.09, 31.555, 31.573500000000003, 0.14560477327340623,0.695858585858586,0.0,19, 100, 31.31, 32.09, 31.54, 31.5577, 0.14103797360994677,0.6907676767676767,0.0,20, 100, 31.34, 32.09, 31.55, 31.578000000000003, 0.1520131573252791,0.6540471380471382,0.0,21, 100, 31.33, 32.09, 31.58, 31.5886, 0.14246417093430905,0.6104579124579125,0.0,22, 100, 31.28, 32.09, 31.535, 31.5631, 0.15042403398393514,0.6310505050505051,0.0,23, 100, 31.36, 32.09, 31.57, 31.586500000000004, 0.13071629584715158,0.6220606060606061,0.0,24, 100, 31.32, 32.09, 31.56, 31.5664, 0.14096467642640126,0.6006262626262626,0.0,