generation number, pop_size, worst, best, median, avg, std, diversity, improvement, number_of_selections
0, 100, 13.58, 16.98, 15.34, 15.3249, 0.6557247822066815,0.9405656565656566,0,1, 100, 14.73, 16.98, 15.785, 15.8231, 0.5062443974998637,0.9159393939393939,0.0,2, 100, 15.07, 17.3, 15.97, 16.013299999999997, 0.5562032991631747,0.8824242424242424,0.018845700824499427,3, 100, 15.34, 17.92, 16.35, 16.441099999999995, 0.4996236483594426,0.813030303030303,0.0358381502890174,4, 100, 15.45, 17.92, 16.665, 16.7188, 0.528381074604305,0.7862020202020201,0.0,5, 100, 15.72, 18.58, 16.675, 16.7096, 0.5393142312233192,0.774040404040404,0.03683035714285695,6, 100, 15.62, 18.58, 16.855, 16.851999999999997, 0.49721826193332846,0.7447070707070707,0.0,7, 100, 15.73, 18.58, 16.905, 16.878599999999995, 0.55698657075373,0.7330909090909091,0.0,8, 100, 15.96, 18.58, 16.945, 16.979899999999997, 0.462799081675839,0.6952323232323232,0.0,9, 100, 15.88, 18.58, 17.115000000000002, 17.0803, 0.5209768804851131,0.7113131313131312,0.0,10, 100, 16.22, 18.58, 17.15, 17.182000000000002, 0.48251010352115936,0.6734747474747476,0.0,11, 100, 16.24, 18.58, 17.130000000000003, 17.1847, 0.49298773818422675,0.6432525252525252,0.0,12, 100, 16.28, 18.58, 17.24, 17.2707, 0.4490350877158709,0.6104242424242425,0.0,13, 100, 16.25, 18.58, 17.355, 17.318600000000004, 0.4752620750701659,0.6071919191919193,0.0,14, 100, 16.25, 18.58, 17.259999999999998, 17.286099999999998, 0.47878992261742526,0.6123232323232324,0.0,15, 100, 16.21, 18.58, 17.26, 17.253800000000002, 0.4660102573978389,0.616,0.0,16, 100, 16.34, 18.58, 17.295, 17.2635, 0.46546186739624545,0.6215353535353534,0.0,