generation number, pop_size, worst, best, median, avg, std, diversity, improvement, number_of_selections
0, 100, 52.13, 52.99, 52.57, 52.57519999999999, 0.17745692435067192,0.9993171717171717,0,1, 100, 52.24, 53.0, 52.55, 52.572399999999995, 0.16459720532256916,0.9708767676767677,0.00018871485185880375,2, 100, 52.23, 53.0, 52.6, 52.60039999999999, 0.17832509638298252,0.9500565656565656,0.0,3, 100, 52.28, 53.0, 52.56, 52.5798, 0.16154863044916243,0.9281454545454546,0.0,4, 100, 52.27, 53.18, 52.595, 52.606200000000015, 0.18385744477719682,0.915539393939394,0.0033962264150943344,5, 100, 52.26, 53.18, 52.61, 52.6086, 0.16555977772393868,0.8979555555555556,0.0,6, 100, 52.22, 53.18, 52.575, 52.5947, 0.18327823111324482,0.8864606060606061,0.0,7, 100, 52.28, 53.18, 52.58, 52.60129999999998, 0.17771693785343026,0.868969696969697,0.0,8, 100, 52.27, 53.22, 52.55, 52.58100000000001, 0.1899394640405197,0.8445737373737374,0.000752162467092876,9, 100, 52.27, 53.22, 52.605000000000004, 52.6087, 0.17525783862640767,0.8378989898989899,0.0,10, 100, 52.28, 53.22, 52.6, 52.61369999999999, 0.1801202653784412,0.8173696969696971,0.0,11, 100, 52.27, 53.22, 52.62, 52.629300000000015, 0.18576466294750454,0.7986949494949495,0.0,12, 100, 52.32, 53.22, 52.6, 52.6316, 0.17924128988600765,0.7541535353535354,0.0,13, 100, 52.26, 53.22, 52.6, 52.62179999999999, 0.18353953252637445,0.7350666666666668,0.0,14, 100, 52.32, 53.22, 52.62, 52.631, 0.16539951632335553,0.72730101010101,0.0,15, 100, 52.26, 53.22, 52.59, 52.595299999999995, 0.18489702539521843,0.6909171717171717,0.0,16, 100, 52.24, 53.22, 52.61, 52.60739999999999, 0.17637244682772849,0.6733818181818181,0.0,17, 100, 52.29, 53.22, 52.629999999999995, 52.624399999999994, 0.16959551880872323,0.6566424242424242,0.0,18, 100, 52.26, 53.22, 52.65, 52.648, 0.19143144987174937,0.6313656565656566,0.0,19, 100, 52.32, 53.22, 52.575, 52.604099999999995, 0.1788300589945661,0.6129777777777778,0.0,