generation number, pop_size, worst, best, median, avg, std, diversity, improvement, number_of_selections
0, 100, 45.09, 71.63, 58.375, 57.6618, 5.884522814978288,0.8656767676767677,0,1, 100, 47.45, 76.0, 59.705, 60.49419999999999, 5.954223237333313,0.8465252525252525,0.06100795755968177,2, 100, 47.73, 80.24, 63.405, 63.305200000000006, 6.683815000432014,0.8024848484848485,0.05578947368421046,3, 100, 55.21, 86.31, 65.765, 67.36770000000001, 6.414916656512381,0.744949494949495,0.07564805583250259,4, 100, 54.62, 86.31, 71.21, 70.8993, 7.649097104233936,0.6858181818181818,0.0,5, 100, 62.39, 92.82, 74.515, 75.91159999999999, 6.884811358345266,0.6152929292929292,0.0754257907542578,6, 100, 68.65, 94.5, 79.59, 80.4082, 5.863336487018291,0.547939393939394,0.01809954751131229,7, 100, 69.35, 94.5, 82.065, 81.80160000000001, 5.497356040861825,0.5381616161616163,0.0,8, 100, 69.85, 97.24, 83.33000000000001, 83.19550000000001, 6.1084420886180135,0.4927474747474748,0.02899470899470894,9, 100, 72.17, 97.46, 85.425, 84.94040000000001, 6.093615662314123,0.46351515151515155,0.0022624434389140156,10, 100, 73.0, 100.29, 84.6, 85.1596, 5.917613694725265,0.4562222222222223,0.02903755386825377,11, 100, 74.89, 100.47, 88.445, 87.49539999999999, 5.2398676357327965,0.4270303030303031,0.0017947950942266686,12, 100, 74.41, 100.47, 87.395, 87.01900000000002, 5.0538981984207005,0.4310303030303031,0.0,13, 100, 74.18, 100.47, 85.935, 86.71220000000001, 5.513952045493323,0.4417777777777777,0.0,14, 100, 75.9, 100.47, 87.635, 87.86429999999999, 5.119491235464712,0.42246464646464654,0.0,15, 100, 78.03, 100.47, 87.315, 88.28659999999999, 4.881840476705482,0.41894949494949496,0.0,16, 100, 76.99, 100.47, 89.7, 89.09880000000001, 4.956791559063181,0.4067676767676768,0.0,17, 100, 78.68, 100.47, 89.465, 89.40790000000001, 4.817861412494137,0.40367676767676774,0.0,18, 100, 77.97, 100.47, 89.93, 89.35279999999999, 4.903165728384061,0.39761616161616165,0.0,19, 100, 78.45, 100.47, 89.495, 89.38800000000003, 4.3076754752418385,0.38848484848484854,0.0,20, 100, 76.23, 100.47, 89.225, 88.63879999999999, 5.395198472716272,0.40361616161616165,0.0,21, 100, 76.48, 100.47, 87.75, 88.1007, 5.105025613060133,0.41200000000000014,0.0,22, 100, 77.84, 100.47, 88.275, 88.1961, 4.834470580115262,0.4008484848484849,0.0,