generation number, pop_size, worst, best, median, avg, std, diversity, improvement, number_of_selections
0, 100, 52.07, 53.11, 52.56, 52.568099999999994, 0.17165485719897355,0.9996282828282829,0,1, 100, 52.26, 53.11, 52.57, 52.57190000000001, 0.17129912434101957,0.9678666666666667,0.0,2, 100, 52.2, 53.11, 52.57, 52.57689999999999, 0.18026477748023867,0.934480808080808,0.0,3, 100, 52.25, 53.11, 52.545, 52.58420000000001, 0.18730285635835875,0.8760404040404041,0.0,4, 100, 52.29, 53.11, 52.55, 52.59070000000001, 0.18362600578349428,0.8589454545454546,0.0,5, 100, 52.23, 53.11, 52.565, 52.57339999999999, 0.17225690116799372,0.8396121212121213,0.0,6, 100, 52.29, 53.11, 52.585, 52.597300000000004, 0.17259695825824953,0.8312888888888889,0.0,7, 100, 52.33, 53.11, 52.59, 52.614900000000006, 0.16366731500211043,0.7556565656565657,0.0,8, 100, 52.24, 53.11, 52.62, 52.615600000000015, 0.1865868162545252,0.7519151515151515,0.0,9, 100, 52.37, 53.11, 52.625, 52.61990000000001, 0.14581148788761467,0.7101050505050506,0.0,10, 100, 52.24, 53.11, 52.59, 52.5881, 0.17384875610714046,0.7176767676767677,0.0,11, 100, 52.2, 53.11, 52.61, 52.59120000000001, 0.17058886247349211,0.6792969696969697,0.0,