generation number, pop_size, worst, best, median, avg, std, diversity, improvement, number_of_selections
0, 100, 20.72, 21.27, 20.99, 20.984599999999997, 0.10865928400279483,0.9999393939393939,0,1, 100, 20.78, 21.29, 21.03, 21.024700000000003, 0.12022025619669914,0.9771111111111112,0.0009402914903619922,2, 100, 20.81, 21.29, 21.01, 21.019699999999997, 0.10045352159083333,0.941040404040404,0.0,3, 100, 20.81, 21.31, 21.0, 21.024299999999997, 0.11328949642398435,0.891020202020202,0.0009394081728510838,4, 100, 20.84, 21.31, 21.01, 21.021400000000003, 0.11069796746101528,0.9028888888888889,0.0,5, 100, 20.83, 21.33, 21.04, 21.046299999999995, 0.0986169863664469,0.8901010101010101,0.0009385265133739828,6, 100, 20.76, 21.33, 21.02, 21.032899999999998, 0.10708216471476448,0.8564242424242424,0.0,7, 100, 20.86, 21.33, 21.03, 21.046100000000003, 0.10612158121701731,0.8586868686868687,0.0,8, 100, 20.84, 21.33, 21.05, 21.0607, 0.11349233454291084,0.8528282828282828,0.0,9, 100, 20.84, 21.33, 21.06, 21.049100000000003, 0.11453466724097107,0.8585757575757575,0.0,10, 100, 20.87, 21.33, 21.04, 21.054699999999997, 0.10555998294808489,0.8353131313131313,0.0,11, 100, 20.84, 21.33, 21.04, 21.041999999999998, 0.10547037498748159,0.8356565656565657,0.0,12, 100, 20.83, 21.37, 21.045, 21.061899999999994, 0.1149495106557656,0.8211515151515152,0.0018752930145336476,13, 100, 20.79, 21.37, 21.055, 21.0502, 0.11758384242743561,0.8023939393939394,0.0,14, 100, 20.87, 21.37, 21.05, 21.0573, 0.10302286154053385,0.7797575757575758,0.0,15, 100, 20.81, 21.37, 21.04, 21.038199999999996, 0.11852746517157972,0.7918989898989899,0.0,16, 100, 20.84, 21.37, 21.04, 21.047900000000006, 0.10729673806784618,0.7353232323232324,0.0,17, 100, 20.77, 21.37, 21.04, 21.0303, 0.110530131638391,0.7081414141414142,0.0,18, 100, 20.84, 21.37, 21.02, 21.0344, 0.10906255085958695,0.718010101010101,0.0,19, 100, 20.82, 21.37, 21.03, 21.043700000000005, 0.12025518699831629,0.7186363636363636,0.0,20, 100, 20.84, 21.37, 21.04, 21.046599999999998, 0.11489316776901923,0.7128787878787879,0.0,21, 100, 20.86, 21.37, 21.035, 21.040800000000004, 0.1039584532397439,0.7227676767676767,0.0,22, 100, 20.8, 21.37, 21.05, 21.0442, 0.102656514649583,0.6948181818181818,0.0,23, 100, 20.85, 21.37, 21.03, 21.044900000000002, 0.10579692812175602,0.6604646464646464,0.0,