generation number, pop_size, worst, best, median, avg, std, diversity, improvement, number_of_selections
0, 100, 20.6, 21.26, 20.98, 20.976399999999998, 0.12818361829812733,0.9999292929292929,0,1, 100, 20.77, 21.3, 21.01, 21.0185, 0.12521481541734597,0.9750505050505051,0.001881467544684814,2, 100, 20.8, 21.3, 20.99, 21.0039, 0.10707842920028297,0.9558989898989899,0.0,3, 100, 20.76, 21.31, 20.99, 21.0035, 0.1146156621060142,0.9332222222222222,0.00046948356807502396,4, 100, 20.75, 21.31, 20.994999999999997, 21.0159, 0.11535245987840914,0.9122121212121213,0.0,5, 100, 20.83, 21.35, 21.04, 21.039299999999997, 0.10794679244887276,0.9101919191919192,0.0018770530267481324,6, 100, 20.8, 21.35, 21.02, 21.039499999999997, 0.11603770938793977,0.8964040404040404,0.0,7, 100, 20.83, 21.35, 21.04, 21.0378, 0.10971399181508261,0.8861515151515151,0.0,8, 100, 20.86, 21.43, 21.025, 21.0376, 0.11029161346176782,0.8596464646464647,0.0037470725995315357,9, 100, 20.77, 21.43, 21.01, 21.0261, 0.1120793915044155,0.8461919191919192,0.0,10, 100, 20.83, 21.43, 21.05, 21.059099999999997, 0.10680912882333597,0.8566767676767677,0.0,11, 100, 20.85, 21.43, 21.05, 21.0577, 0.11135398511054713,0.841989898989899,0.0,12, 100, 20.78, 21.43, 21.04, 21.045800000000003, 0.11545717820906583,0.8152323232323232,0.0,13, 100, 20.82, 21.43, 21.02, 21.041400000000003, 0.11752463571524066,0.7848484848484849,0.0,14, 100, 20.79, 21.43, 21.035, 21.039700000000003, 0.10994957935344732,0.7877676767676768,0.0,15, 100, 20.87, 21.43, 21.03, 21.054699999999997, 0.09988448327943633,0.7506161616161615,0.0,16, 100, 20.85, 21.43, 21.045, 21.048000000000002, 0.11247221879201987,0.7207575757575757,0.0,17, 100, 20.83, 21.43, 21.02, 21.0293, 0.10488331611843695,0.7056060606060606,0.0,18, 100, 20.82, 21.43, 21.06, 21.0675, 0.12085011377735635,0.7137575757575758,0.0,19, 100, 20.79, 21.43, 21.03, 21.0371, 0.11076366732823528,0.7113434343434344,0.0,