generation number, pop_size, worst, best, median, avg, std, diversity, improvement, number_of_selections
0, 100, 10.38, 10.69, 10.51, 10.509100000000004, 0.062049899274696556,0.9998585858585859,0,1, 100, 10.39, 10.72, 10.52, 10.520200000000003, 0.07563041716135116,0.9741616161616161,0.0028063610851263928,2, 100, 10.39, 10.75, 10.54, 10.541800000000002, 0.08191922851199226,0.9571717171717172,0.002798507462686507,3, 100, 10.39, 10.77, 10.53, 10.531200000000002, 0.07151615202176359,0.942,0.0018604651162790302,4, 100, 10.39, 10.77, 10.53, 10.529600000000002, 0.07987390061841215,0.9347474747474748,0.0,5, 100, 10.35, 10.77, 10.504999999999999, 10.515299999999998, 0.08430249106639726,0.9221414141414142,0.0,6, 100, 10.36, 10.77, 10.52, 10.525899999999996, 0.072967047357009,0.9085454545454545,0.0,7, 100, 10.37, 10.77, 10.51, 10.520699999999998, 0.07221156417084452,0.9056363636363636,0.0,8, 100, 10.38, 10.77, 10.52, 10.524600000000003, 0.07745217879440183,0.901878787878788,0.0,9, 100, 10.38, 10.77, 10.51, 10.522800000000002, 0.07895669699271865,0.8941616161616162,0.0,10, 100, 10.4, 10.77, 10.53, 10.535100000000002, 0.07937877550075963,0.8946060606060606,0.0,11, 100, 10.38, 10.77, 10.51, 10.525100000000002, 0.07903790230009902,0.8964040404040404,0.0,12, 100, 10.39, 10.77, 10.515, 10.529200000000001, 0.07685935206596518,0.8808484848484848,0.0,13, 100, 10.41, 10.77, 10.51, 10.520300000000002, 0.07204797013101755,0.8822626262626263,0.0,14, 100, 10.35, 10.77, 10.52, 10.531299999999998, 0.07917897448186605,0.8716161616161616,0.0,