generation number, pop_size, worst, best, median, avg, std, diversity, improvement, number_of_selections
0, 100, 52.11, 52.96, 52.58, 52.5537, 0.1803532921795441,0.9995757575757576,0,1, 100, 52.3, 53.01, 52.585, 52.583200000000005, 0.14847814654015606,0.9700282828282828,0.0009441087613292514,2, 100, 52.27, 53.04, 52.56, 52.59410000000002, 0.16420776473723744,0.9166060606060606,0.0005659309564233379,3, 100, 52.29, 53.05, 52.6, 52.61119999999999, 0.17068848818827853,0.8557212121212121,0.0001885369532427981,4, 100, 52.25, 53.08, 52.6, 52.598099999999995, 0.1612556665671004,0.760759595959596,0.0005655042412818311,5, 100, 52.3, 53.08, 52.6, 52.5925, 0.17462746061258524,0.7035717171717172,0.0,6, 100, 52.27, 53.08, 52.58, 52.59880000000001, 0.17899877094550093,0.699579797979798,0.0,7, 100, 52.27, 53.08, 52.62, 52.60870000000002, 0.15504615441861166,0.6675070707070707,0.0,8, 100, 52.29, 53.08, 52.614999999999995, 52.609700000000004, 0.1628032862076192,0.6152727272727272,0.0,9, 100, 52.2, 53.08, 52.61, 52.61529999999999, 0.18247988930290343,0.6355232323232323,0.0,10, 100, 52.26, 53.08, 52.575, 52.602500000000006, 0.16608055274474473,0.5262181818181817,0.0,11, 100, 52.24, 53.08, 52.61, 52.614200000000004, 0.17653996714625242,0.4959151515151514,0.0,12, 100, 52.3, 53.11, 52.58, 52.592300000000016, 0.16116981727358268,0.47021818181818187,0.0005651846269781677,13, 100, 52.3, 53.11, 52.6, 52.627400000000016, 0.17812703332172786,0.49007676767676756,0.0,14, 100, 52.36, 53.11, 52.605000000000004, 52.627399999999994, 0.16392449481392357,0.49721616161616167,0.0,15, 100, 52.23, 53.11, 52.575, 52.59870000000001, 0.17842452185728294,0.5061171717171717,0.0,16, 100, 52.22, 53.11, 52.6, 52.5915, 0.17174035635225618,0.4957131313131313,0.0,17, 100, 52.23, 53.11, 52.605000000000004, 52.591499999999996, 0.18144627303970742,0.4938666666666667,0.0,18, 100, 52.17, 53.11, 52.614999999999995, 52.607, 0.1757469772144035,0.491660606060606,0.0,19, 100, 52.26, 53.11, 52.56, 52.574600000000004, 0.16917103771036052,0.49188282828282825,0.0,20, 100, 52.29, 53.11, 52.59, 52.60839999999999, 0.17538939534646908,0.5022666666666666,0.0,21, 100, 52.29, 53.11, 52.57, 52.5989, 0.17197613206488868,0.49176969696969697,0.0,22, 100, 52.24, 53.11, 52.63, 52.61399999999999, 0.1640914379241037,0.48534949494949486,0.0,23, 100, 52.31, 53.11, 52.585, 52.60040000000001, 0.15139299851710458,0.4844404040404039,0.0,