generation number, pop_size, worst, best, median, avg, std, diversity, improvement, number_of_selections
0, 100, 10.32, 10.68, 10.49, 10.496799999999999, 0.07566875180680599,0.9999595959595959,0,1, 100, 10.35, 10.69, 10.5, 10.504699999999998, 0.0740196595506896,0.977979797979798,0.0009363295880149613,2, 100, 10.39, 10.69, 10.51, 10.516600000000004, 0.07358287844328998,0.9463434343434344,0.0,3, 100, 10.36, 10.74, 10.52, 10.5261, 0.06919385810893913,0.906020202020202,0.004677268475210544,4, 100, 10.33, 10.77, 10.52, 10.524499999999998, 0.07539728111808805,0.8711717171717172,0.002793296089385415,5, 100, 10.4, 10.77, 10.54, 10.538800000000002, 0.0793130506285062,0.8804848484848484,0.0,6, 100, 10.39, 10.77, 10.52, 10.526000000000002, 0.0798749021908634,0.8849090909090909,0.0,7, 100, 10.38, 10.77, 10.51, 10.515700000000002, 0.08189328421793811,0.8712121212121212,0.0,8, 100, 10.39, 10.77, 10.52, 10.524700000000003, 0.07370827633312282,0.8605454545454545,0.0,9, 100, 10.38, 10.77, 10.51, 10.517000000000003, 0.08360023923410742,0.8437171717171716,0.0,10, 100, 10.38, 10.77, 10.52, 10.522700000000002, 0.07721211044907395,0.8492323232323232,0.0,11, 100, 10.38, 10.77, 10.51, 10.527000000000001, 0.08558621384311847,0.8278787878787879,0.0,12, 100, 10.37, 10.77, 10.53, 10.5282, 0.07324452197946274,0.8192525252525252,0.0,13, 100, 10.37, 10.77, 10.5, 10.5119, 0.07303006230313654,0.8163232323232323,0.0,14, 100, 10.36, 10.77, 10.51, 10.522399999999998, 0.07888117646181496,0.8068080808080808,0.0,15, 100, 10.35, 10.77, 10.515, 10.515399999999998, 0.07755539955412519,0.8164646464646464,0.0,