generation number, pop_size, worst, best, median, avg, std, diversity, improvement, number_of_selections
0, 100, 52.1, 52.98, 52.565, 52.55850000000001, 0.1553793744356051,0.9996121212121212,0,1, 100, 52.27, 53.09, 52.595, 52.6184, 0.16936186111400664,0.9725979797979798,0.0020762551906381003,2, 100, 52.23, 53.09, 52.61, 52.61079999999999, 0.1762026106503533,0.9526828282828282,0.0,3, 100, 52.24, 53.09, 52.595, 52.6086, 0.1857580146319397,0.9341131313131313,0.0,4, 100, 52.31, 53.09, 52.62, 52.6141, 0.16507631568459477,0.9117656565656566,0.0,5, 100, 52.35, 53.09, 52.62, 52.62070000000001, 0.1481637944978462,0.8810828282828282,0.0,6, 100, 52.32, 53.09, 52.59, 52.61600000000001, 0.16585535867134346,0.8384686868686868,0.0,7, 100, 52.37, 53.09, 52.635000000000005, 52.63919999999998, 0.17011572531662114,0.8287232323232323,0.0,8, 100, 52.35, 53.09, 52.614999999999995, 52.61950000000001, 0.17612708479958475,0.8133575757575757,0.0,9, 100, 52.3, 53.09, 52.585, 52.6047, 0.16490272890404212,0.8285939393939394,0.0,10, 100, 52.35, 53.09, 52.614999999999995, 52.64099999999999, 0.1690828199433637,0.7949858585858586,0.0,11, 100, 52.25, 53.24, 52.62, 52.6214, 0.18114646008133864,0.7302666666666666,0.002825390845733633,12, 100, 52.34, 53.24, 52.62, 52.6627, 0.1684924627394353,0.724040404040404,0.0,13, 100, 52.29, 53.24, 52.61, 52.6127, 0.17280541079491707,0.7149212121212121,0.0,14, 100, 52.32, 53.24, 52.605000000000004, 52.6201, 0.1743702669608552,0.7151474747474748,0.0,15, 100, 52.26, 53.24, 52.62, 52.62130000000001, 0.19074933813777697,0.6754060606060607,0.0,16, 100, 52.28, 53.24, 52.614999999999995, 52.614200000000004, 0.18620515567513163,0.674569696969697,0.0,17, 100, 52.33, 53.24, 52.61, 52.62370000000001, 0.1689062165818652,0.6865373737373737,0.0,18, 100, 52.2, 53.24, 52.59, 52.6128, 0.1970689219537163,0.6861818181818182,0.0,19, 100, 52.28, 53.24, 52.625, 52.63580000000002, 0.1758191115891555,0.6682222222222223,0.0,20, 100, 52.24, 53.24, 52.605000000000004, 52.599399999999996, 0.1996437827732183,0.6425010101010101,0.0,21, 100, 52.32, 53.24, 52.595, 52.59789999999999, 0.17818134021271664,0.6252080808080809,0.0,22, 100, 52.25, 53.24, 52.595, 52.611900000000006, 0.18735898697420394,0.5911030303030302,0.0,