generation number, pop_size, worst, best, median, avg, std, diversity, improvement, number_of_selections
0, 100, 20.66, 21.21, 21.0, 20.985399999999995, 0.10984916931866176,0.999969696969697,0,1, 100, 20.85, 21.25, 21.03, 21.030099999999997, 0.09012763172301819,0.977989898989899,0.0018859028760018456,2, 100, 20.82, 21.31, 21.02, 21.031399999999998, 0.10739664799238395,0.9493535353535354,0.002823529411764646,3, 100, 20.84, 21.34, 21.03, 21.046599999999998, 0.11704033492775026,0.9261010101010101,0.0014077897700610577,4, 100, 20.81, 21.34, 21.03, 21.050099999999997, 0.11356491535681258,0.8782727272727273,0.0,5, 100, 20.8, 21.34, 21.05, 21.052800000000005, 0.09854014410381177,0.8549393939393939,0.0,6, 100, 20.82, 21.34, 21.045, 21.0565, 0.10247316721952132,0.8425454545454545,0.0,7, 100, 20.84, 21.39, 21.05, 21.057100000000005, 0.10383925076771308,0.810060606060606,0.002343017806935366,8, 100, 20.82, 21.39, 21.045, 21.044500000000003, 0.10232668273720202,0.7942121212121213,0.0,9, 100, 20.81, 21.39, 21.02, 21.033799999999996, 0.1105873410476985,0.7784646464646465,0.0,10, 100, 20.89, 21.39, 21.075, 21.0737, 0.10507763796355536,0.7677878787878788,0.0,11, 100, 20.79, 21.39, 21.03, 21.0441, 0.11505733353419931,0.7534444444444444,0.0,12, 100, 20.82, 21.39, 21.04, 21.0518, 0.11248448781943238,0.7558383838383839,0.0,13, 100, 20.87, 21.39, 21.025, 21.037999999999997, 0.10215674231297693,0.721989898989899,0.0,14, 100, 20.86, 21.39, 21.035, 21.040800000000004, 0.10134771827722627,0.7036060606060606,0.0,15, 100, 20.84, 21.39, 21.055, 21.061500000000002, 0.11171727708819262,0.7183030303030302,0.0,16, 100, 20.84, 21.39, 21.07, 21.0596, 0.10726527863199732,0.7454141414141414,0.0,17, 100, 20.83, 21.39, 21.02, 21.0387, 0.114670440829361,0.7307979797979798,0.0,18, 100, 20.85, 21.39, 21.05, 21.041699999999995, 0.10583057214245788,0.7470000000000001,0.0,