generation number, pop_size, worst, best, median, avg, std, diversity, improvement, number_of_selections
0, 100, 20.8, 21.25, 21.04, 21.041700000000002, 0.09599015574526379,0.9998383838383839,0,1, 100, 20.83, 21.41, 21.04, 21.0509, 0.12183673501863039,0.9791919191919192,0.007529411764705889,2, 100, 20.84, 21.41, 21.04, 21.0473, 0.12028179413360941,0.9562929292929293,0.0,3, 100, 20.81, 21.41, 21.04, 21.0452, 0.1172133098244392,0.935949494949495,0.0,4, 100, 20.89, 21.41, 21.05, 21.0604, 0.10957116408982798,0.9133030303030303,0.0,5, 100, 20.83, 21.41, 21.05, 21.0575, 0.11119689743873244,0.8998080808080808,0.0,6, 100, 20.86, 21.41, 21.035, 21.0444, 0.09622182704563462,0.874989898989899,0.0,7, 100, 20.85, 21.41, 21.045, 21.062599999999996, 0.10947712089747338,0.8604545454545455,0.0,8, 100, 20.83, 21.41, 21.045, 21.057399999999998, 0.1124866214267278,0.8330909090909091,0.0,9, 100, 20.82, 21.41, 21.035, 21.049, 0.11076551810017403,0.8401212121212122,0.0,10, 100, 20.86, 21.41, 21.045, 21.059100000000004, 0.10556604567757553,0.8375151515151515,0.0,11, 100, 20.85, 21.43, 21.04, 21.058799999999998, 0.1124480324416572,0.8492929292929293,0.0009341429238673318,12, 100, 20.89, 21.43, 21.04, 21.054499999999997, 0.10784595495427723,0.8318686868686869,0.0,13, 100, 20.86, 21.43, 21.055, 21.069200000000002, 0.10708576002438415,0.8093939393939394,0.0,14, 100, 20.81, 21.43, 21.045, 21.0578, 0.11548662260192746,0.7911212121212121,0.0,15, 100, 20.85, 21.43, 21.04, 21.0526, 0.1161776226301778,0.7840808080808082,0.0,16, 100, 20.84, 21.43, 21.03, 21.044, 0.10942577392917989,0.7866161616161617,0.0,17, 100, 20.82, 21.43, 21.04, 21.045000000000005, 0.1160990956037127,0.7693636363636364,0.0,18, 100, 20.84, 21.43, 21.03, 21.0408, 0.11591100034077875,0.7770101010101009,0.0,19, 100, 20.82, 21.43, 21.03, 21.043699999999998, 0.11526191912336008,0.7547676767676768,0.0,20, 100, 20.82, 21.43, 21.03, 21.0313, 0.10299179578976188,0.7470404040404041,0.0,21, 100, 20.78, 21.43, 21.045, 21.044900000000002, 0.1185874782597218,0.7627272727272727,0.0,22, 100, 20.82, 21.43, 21.04, 21.0413, 0.1166418021122789,0.7438686868686869,0.0,