generation number, pop_size, worst, best, median, avg, std, diversity, improvement, number_of_selections
0, 100, 31.03, 31.81, 31.445, 31.4675, 0.13296898134527452,0.9998787878787879,0,1, 100, 31.23, 31.84, 31.52, 31.510299999999997, 0.14071570630174873,0.9704040404040404,0.0009430996541968293,2, 100, 31.23, 31.93, 31.52, 31.513500000000008, 0.13745090032444288,0.9396430976430976,0.0028266331658291415,3, 100, 31.24, 31.93, 31.51, 31.5271, 0.13191129595300013,0.910040404040404,0.0,4, 100, 31.3, 31.93, 31.53, 31.544900000000005, 0.1331727825045344,0.8733400673400673,0.0,5, 100, 31.31, 31.93, 31.55, 31.557900000000004, 0.1306544679679956,0.8629629629629629,0.0,6, 100, 31.25, 31.93, 31.56, 31.551099999999998, 0.13155907418342547,0.8536363636363636,0.0,7, 100, 31.3, 31.93, 31.555, 31.558899999999998, 0.12734123448435725,0.8375622895622896,0.0,8, 100, 31.32, 31.93, 31.56, 31.57440000000001, 0.1340247738293185,0.8231582491582492,0.0,9, 100, 31.31, 31.93, 31.564999999999998, 31.559100000000004, 0.12775832653882097,0.8218249158249158,0.0,10, 100, 31.29, 31.93, 31.56, 31.5458, 0.1281575592776329,0.8036363636363636,0.0,11, 100, 31.31, 31.93, 31.53, 31.546700000000005, 0.12425823916344547,0.759070707070707,0.0,12, 100, 31.27, 31.93, 31.59, 31.586800000000004, 0.13114785549142624,0.7382895622895622,0.0,13, 100, 31.28, 31.93, 31.56, 31.5621, 0.1371589953302371,0.7205185185185186,0.0,