generation number, pop_size, worst, best, median, avg, std, diversity, improvement, number_of_selections
0, 100, 31.19, 31.83, 31.46, 31.472199999999994, 0.13269197413558953,0.9999191919191919,0,1, 100, 31.28, 31.92, 31.51, 31.528500000000005, 0.14441173775008728,0.9745117845117846,0.0028275212064091553,2, 100, 31.28, 31.92, 31.53, 31.5332, 0.1269557403192151,0.9324040404040403,0.0,3, 100, 31.27, 31.92, 31.53, 31.5273, 0.12066362335020449,0.9105252525252525,0.0,4, 100, 31.3, 31.92, 31.55, 31.545400000000004, 0.12879767078639287,0.8690909090909091,0.0,5, 100, 31.31, 31.92, 31.545, 31.5588, 0.1299021169958366,0.8450707070707071,0.0,6, 100, 31.33, 31.92, 31.56, 31.5649, 0.12439851285284749,0.8401279461279462,0.0,7, 100, 31.27, 31.92, 31.52, 31.5334, 0.12900558127461,0.8318585858585859,0.0,8, 100, 31.32, 31.92, 31.549999999999997, 31.5448, 0.12479166638842523,0.7985791245791246,0.0,9, 100, 31.26, 31.92, 31.57, 31.573000000000008, 0.1320416600925633,0.7850976430976431,0.0,10, 100, 31.29, 31.92, 31.515, 31.527700000000003, 0.12455404449474927,0.7867676767676767,0.0,11, 100, 31.31, 31.92, 31.53, 31.545400000000004, 0.12797202819366432,0.7536228956228956,0.0,12, 100, 31.3, 31.92, 31.535, 31.5577, 0.12927377924389774,0.7662154882154882,0.0,