generation number, pop_size, worst, best, median, avg, std, diversity, improvement, number_of_selections
0, 100, 41.37, 42.42, 41.974999999999994, 41.968199999999996, 0.1922934216243501,0.9998030303030303,0,1, 100, 41.74, 42.42, 41.97, 41.98299999999999, 0.146632192918199,0.9658585858585859,0.0,2, 100, 41.73, 42.42, 42.01, 42.017999999999994, 0.15614736629223092,0.9380959595959596,0.0,3, 100, 41.74, 42.45, 42.01, 42.024300000000004, 0.1605070403440298,0.9082828282828282,0.000707213578500734,4, 100, 41.73, 42.45, 42.03, 42.0415, 0.15625859976334092,0.8957020202020203,0.0,5, 100, 41.73, 42.54, 42.055, 42.054399999999994, 0.16822199618361441,0.8779393939393939,0.0021201413427560964,6, 100, 41.75, 42.54, 42.065, 42.058, 0.16196295872822275,0.8478737373737374,0.0,7, 100, 41.74, 42.54, 42.08, 42.0678, 0.1578073509060967,0.828459595959596,0.0,8, 100, 41.82, 42.54, 42.085, 42.0879, 0.14517778755718774,0.8085656565656566,0.0,9, 100, 41.79, 42.54, 42.1, 42.1055, 0.16008357192416697,0.76010101010101,0.0,10, 100, 41.8, 42.54, 42.075, 42.0942, 0.14414700829361654,0.7491161616161617,0.0,11, 100, 41.77, 42.54, 42.09, 42.100500000000004, 0.16216889344137478,0.728020202020202,0.0,12, 100, 41.82, 42.54, 42.09, 42.091800000000006, 0.1593134018216923,0.7052727272727273,0.0,13, 100, 41.82, 42.54, 42.1, 42.0993, 0.15208717894681317,0.6983787878787879,0.0,14, 100, 41.8, 42.54, 42.075, 42.0747, 0.1652480257068143,0.6926818181818182,0.0,15, 100, 41.78, 42.54, 42.09, 42.0987, 0.16744345314165016,0.6604949494949497,0.0,16, 100, 41.79, 42.54, 42.114999999999995, 42.109899999999996, 0.1581233379359289,0.6103939393939393,0.0,