generation number, pop_size, worst, best, median, avg, std, diversity, improvement, number_of_selections
0, 100, 20.64, 21.32, 21.015, 21.014499999999998, 0.1189653310843121,0.9998080808080808,0,1, 100, 20.89, 21.32, 21.06, 21.0577, 0.09887219022556339,0.9707979797979798,0.0,2, 100, 20.86, 21.33, 21.04, 21.041800000000002, 0.09900888848987253,0.9422828282828283,0.0004690431519698879,3, 100, 20.81, 21.33, 21.02, 21.0231, 0.10971503998996662,0.9213232323232323,0.0,4, 100, 20.86, 21.33, 21.03, 21.039100000000005, 0.10211850958567688,0.9001212121212121,0.0,5, 100, 20.8, 21.33, 21.055, 21.0515, 0.12025285859388118,0.8928080808080808,0.0,6, 100, 20.87, 21.33, 21.04, 21.054500000000004, 0.10183687937088406,0.8742020202020202,0.0,7, 100, 20.8, 21.33, 21.04, 21.041700000000002, 0.1066588486718284,0.8606060606060606,0.0,8, 100, 20.83, 21.44, 21.035, 21.0438, 0.1218587707142985,0.8390909090909091,0.005157055789967323,9, 100, 20.8, 21.44, 21.06, 21.063499999999998, 0.1187634202942977,0.8211818181818182,0.0,10, 100, 20.84, 21.44, 21.049999999999997, 21.056800000000003, 0.1178717947602393,0.8056363636363636,0.0,11, 100, 20.85, 21.44, 21.03, 21.0409, 0.1090146320454278,0.7864343434343435,0.0,12, 100, 20.83, 21.44, 21.035, 21.0416, 0.10676816004783461,0.7585151515151515,0.0,13, 100, 20.82, 21.44, 21.02, 21.0364, 0.1085497121138514,0.7728181818181817,0.0,14, 100, 20.81, 21.44, 21.01, 21.029600000000002, 0.11473377880990432,0.7466262626262626,0.0,15, 100, 20.85, 21.44, 21.04, 21.046400000000002, 0.10424509580790853,0.7452222222222222,0.0,16, 100, 20.83, 21.44, 21.05, 21.0527, 0.10522219347647159,0.7172525252525253,0.0,17, 100, 20.82, 21.44, 21.05, 21.051600000000004, 0.11963878969631897,0.6992828282828283,0.0,18, 100, 20.83, 21.44, 21.04, 21.047200000000004, 0.10572681779000069,0.6814747474747476,0.0,19, 100, 20.82, 21.44, 21.05, 21.053900000000002, 0.11732770346341916,0.704040404040404,0.0,