generation number, pop_size, worst, best, median, avg, std, diversity, improvement, number_of_selections
0, 100, 31.26, 31.85, 31.525, 31.534900000000007, 0.11835113011712217,0.9995892255892256,0,1, 100, 31.24, 31.85, 31.56, 31.5596, 0.11919664424806609,0.9716430976430976,0.0,2, 100, 31.28, 32.01, 31.555, 31.566800000000004, 0.13783961694665303,0.9110909090909091,0.00502354788069063,3, 100, 31.3, 32.01, 31.56, 31.571700000000007, 0.14002181972821223,0.8932592592592593,0.0,4, 100, 31.35, 32.01, 31.54, 31.564899999999998, 0.14023904591803224,0.8970370370370371,0.0,5, 100, 31.3, 32.01, 31.549999999999997, 31.570400000000003, 0.1408894602161566,0.8904781144781144,0.0,6, 100, 31.33, 32.01, 31.605, 31.594199999999997, 0.14128113816076077,0.8921481481481481,0.0,7, 100, 31.35, 32.01, 31.58, 31.582000000000004, 0.1260555433132554,0.8783097643097643,0.0,8, 100, 31.28, 32.01, 31.54, 31.543900000000008, 0.1320900828979979,0.8541212121212122,0.0,9, 100, 31.28, 32.01, 31.59, 31.5827, 0.12763898307335403,0.8215959595959595,0.0,10, 100, 31.32, 32.01, 31.56, 31.573800000000006, 0.1328591735635893,0.8216700336700337,0.0,11, 100, 31.29, 32.01, 31.59, 31.583599999999997, 0.13545862837043646,0.8220942760942761,0.0,12, 100, 31.29, 32.01, 31.56, 31.573500000000003, 0.13583353783215682,0.8148888888888889,0.0,13, 100, 31.32, 32.01, 31.57, 31.568000000000005, 0.13340914511381885,0.7918787878787878,0.0,