generation number, pop_size, worst, best, median, avg, std, diversity, improvement, number_of_selections
0, 100, 20.8, 21.4, 21.02, 21.024300000000004, 0.11342182329692983,0.9997474747474747,0,1, 100, 20.85, 21.4, 21.035, 21.045099999999998, 0.10566451627675197,0.9758989898989899,0.0,2, 100, 20.83, 21.4, 21.05, 21.0583, 0.11719261922151922,0.954060606060606,0.0,3, 100, 20.84, 21.4, 21.06, 21.058899999999998, 0.1111745924211102,0.9345050505050505,0.0,4, 100, 20.84, 21.4, 21.06, 21.0631, 0.10940470739415173,0.9166363636363637,0.0,5, 100, 20.85, 21.4, 21.035, 21.040899999999997, 0.12304547939684726,0.9194646464646464,0.0,6, 100, 20.83, 21.4, 21.04, 21.054199999999994, 0.11052764360104662,0.8978686868686869,0.0,7, 100, 20.85, 21.4, 21.05, 21.049899999999997, 0.10383154626605515,0.869909090909091,0.0,8, 100, 20.83, 21.4, 21.04, 21.0429, 0.11333397548837677,0.8473232323232323,0.0,9, 100, 20.8, 21.4, 21.03, 21.041500000000006, 0.11337878990357932,0.8324444444444444,0.0,10, 100, 20.83, 21.4, 21.03, 21.047200000000004, 0.10597244924979314,0.8012121212121212,0.0,11, 100, 20.85, 21.4, 21.035, 21.0452, 0.10020459071320022,0.7976969696969698,0.0,