generation number, pop_size, worst, best, median, avg, std, diversity, improvement, number_of_selections
0, 100, 10.28, 10.65, 10.5, 10.4932, 0.0732513481104614,0.9999393939393939,0,1, 100, 10.37, 10.78, 10.504999999999999, 10.5091, 0.07536703523424541,0.9787070707070707,0.012206572769952958,2, 100, 10.39, 10.78, 10.51, 10.524600000000003, 0.07861831847603966,0.959919191919192,0.0,3, 100, 10.36, 10.78, 10.52, 10.5197, 0.07522572698219662,0.9358383838383838,0.0,4, 100, 10.39, 10.81, 10.52, 10.529000000000002, 0.08155366331440911,0.9126868686868687,0.0027829313543600315,5, 100, 10.4, 10.81, 10.53, 10.5417, 0.09782693903010556,0.9075959595959596,0.0,6, 100, 10.36, 10.81, 10.54, 10.5382, 0.0840640232204004,0.8931919191919192,0.0,7, 100, 10.39, 10.81, 10.52, 10.5263, 0.0770798936169479,0.866040404040404,0.0,8, 100, 10.38, 10.81, 10.53, 10.536700000000002, 0.08392919635025706,0.8617979797979798,0.0,9, 100, 10.39, 10.81, 10.51, 10.524700000000003, 0.08592386164506347,0.8672323232323232,0.0,10, 100, 10.38, 10.81, 10.515, 10.524100000000002, 0.08652277156910773,0.8884646464646464,0.0,11, 100, 10.37, 10.81, 10.504999999999999, 10.516999999999998, 0.08659676668328906,0.8822626262626263,0.0,12, 100, 10.37, 10.81, 10.52, 10.521600000000001, 0.08040795980498457,0.8718585858585859,0.0,13, 100, 10.38, 10.81, 10.52, 10.525900000000002, 0.08291073513122413,0.8725050505050505,0.0,14, 100, 10.36, 10.81, 10.515, 10.5283, 0.08475912930180449,0.8739595959595959,0.0,15, 100, 10.38, 10.81, 10.52, 10.527100000000003, 0.08490341571456358,0.8669090909090909,0.0,