generation number, pop_size, worst, best, median, avg, std, diversity, improvement, number_of_selections
0, 100, 10.28, 10.71, 10.5, 10.503599999999999, 0.08257747876994072,0.999979797979798,0,1, 100, 10.38, 10.72, 10.49, 10.507300000000003, 0.07759967783438272,0.978,0.0009337068160597372,2, 100, 10.38, 10.72, 10.515, 10.520300000000002, 0.07995567522071205,0.9612525252525252,0.0,3, 100, 10.38, 10.72, 10.52, 10.520700000000001, 0.07248799900673215,0.9401616161616162,0.0,4, 100, 10.39, 10.84, 10.52, 10.533100000000001, 0.08007115585527667,0.9268484848484848,0.011194029850746195,5, 100, 10.38, 10.84, 10.515, 10.524800000000003, 0.0749463808332329,0.9117575757575758,0.0,6, 100, 10.38, 10.84, 10.51, 10.525900000000002, 0.07398776925952019,0.906060606060606,0.0,7, 100, 10.37, 10.84, 10.54, 10.546299999999999, 0.0805314224386979,0.8994343434343435,0.0,8, 100, 10.37, 10.84, 10.51, 10.519400000000001, 0.08579999999999997,0.8932323232323233,0.0,9, 100, 10.36, 10.84, 10.5, 10.513499999999999, 0.08152760268767875,0.8888282828282829,0.0,10, 100, 10.4, 10.84, 10.51, 10.519100000000003, 0.07348598505837686,0.8815959595959596,0.0,11, 100, 10.4, 10.84, 10.54, 10.5408, 0.07147978735278945,0.8753939393939394,0.0,12, 100, 10.38, 10.87, 10.51, 10.521500000000003, 0.09085565474971818,0.8523838383838384,0.0027675276752766936,13, 100, 10.35, 10.87, 10.515, 10.519799999999998, 0.09211927051382895,0.8103232323232323,0.0,14, 100, 10.39, 10.87, 10.5, 10.519100000000003, 0.08643026090438459,0.8141818181818181,0.0,15, 100, 10.38, 10.87, 10.53, 10.530100000000003, 0.07911377882518307,0.8196565656565656,0.0,16, 100, 10.38, 10.87, 10.53, 10.529200000000003, 0.08704803271757484,0.8371919191919192,0.0,17, 100, 10.35, 10.87, 10.53, 10.528999999999998, 0.08690799733051043,0.8094747474747475,0.0,18, 100, 10.37, 10.87, 10.52, 10.5283, 0.08724740683825503,0.8224242424242424,0.0,19, 100, 10.39, 10.87, 10.54, 10.538000000000002, 0.08512343978012166,0.8192121212121212,0.0,20, 100, 10.37, 10.87, 10.53, 10.528599999999999, 0.09057615580272768,0.8182626262626262,0.0,21, 100, 10.36, 10.87, 10.52, 10.527299999999999, 0.08158253489565023,0.8317373737373738,0.0,22, 100, 10.38, 10.87, 10.53, 10.533800000000001, 0.08354376098787983,0.8403232323232324,0.0,23, 100, 10.39, 10.87, 10.51, 10.522800000000002, 0.09185945786907299,0.8337373737373738,0.0,