generation number, pop_size, worst, best, median, avg, std, diversity, improvement, number_of_selections
0, 100, 29.01, 32.14, 30.475, 30.496600000000004, 0.61607178153199,0.8196767676767677,0,1, 100, 29.73, 32.14, 30.865000000000002, 30.9007, 0.5518500792787837,0.7972222222222223,0.0,2, 100, 30.13, 32.61, 31.155, 31.179200000000005, 0.5260393141201518,0.7341414141414142,0.014623522090852485,3, 100, 30.17, 32.83, 31.35, 31.338800000000003, 0.5140550165108789,0.7064242424242424,0.0067463968107942,4, 100, 30.0, 32.83, 31.255000000000003, 31.247899999999994, 0.5259625366886883,0.7030303030303031,0.0,5, 100, 30.42, 32.83, 31.39, 31.459199999999996, 0.5098248326631414,0.680060606060606,0.0,6, 100, 30.56, 32.83, 31.485, 31.576200000000004, 0.5864431430241127,0.6547878787878787,0.0,7, 100, 30.57, 33.0, 31.685000000000002, 31.6901, 0.5041517529474632,0.5849595959595959,0.00517819067925683,8, 100, 30.58, 33.0, 31.69, 31.707099999999997, 0.5466887505701943,0.5895050505050505,0.0,9, 100, 30.02, 33.13, 31.73, 31.769000000000002, 0.610608712679405,0.5892020202020203,0.003939393939394017,10, 100, 30.58, 33.13, 31.79, 31.774599999999996, 0.5577031827056399,0.541060606060606,0.0,11, 100, 30.89, 33.97, 31.884999999999998, 31.994599999999995, 0.5162023246751218,0.5275151515151515,0.025354663447026752,12, 100, 30.95, 33.97, 32.07, 32.1269, 0.5425655628585359,0.5135959595959596,0.0,13, 100, 30.99, 33.97, 32.19, 32.1829, 0.598037281446567,0.4770808080808081,0.0,14, 100, 30.87, 33.97, 32.175, 32.1269, 0.5721934900014152,0.46352525252525256,0.0,15, 100, 31.35, 33.97, 32.19, 32.172999999999995, 0.5048851354516191,0.45499999999999996,0.0,16, 100, 31.25, 33.97, 32.135000000000005, 32.2602, 0.6187147646533092,0.46325252525252525,0.0,17, 100, 30.97, 33.97, 32.205, 32.2481, 0.5111353930222401,0.4717272727272728,0.0,18, 100, 31.43, 33.97, 32.24, 32.31249999999999, 0.5692984718054317,0.4751919191919193,0.0,19, 100, 31.19, 33.97, 32.364999999999995, 32.4074, 0.5250726045034151,0.45670707070707073,0.0,20, 100, 30.95, 33.97, 32.15, 32.227599999999995, 0.6134788015897537,0.48317171717171714,0.0,21, 100, 31.45, 33.97, 32.315, 32.371599999999994, 0.5454809254226952,0.4658282828282827,0.0,22, 100, 30.98, 33.97, 32.29, 32.28669999999999, 0.5247324175234459,0.47051515151515144,0.0,