generation number, pop_size, worst, best, median, avg, std, diversity, improvement, number_of_selections
0, 100, 31.24, 31.98, 31.55, 31.530699999999996, 0.13498336934600497,0.9997710437710438,0,1, 100, 31.3, 32.02, 31.52, 31.5396, 0.14861978333990414,0.9738114478114478,0.001250781738586701,2, 100, 31.29, 32.02, 31.54, 31.569300000000002, 0.13545667203943854,0.9505319865319866,0.0,3, 100, 31.31, 32.02, 31.58, 31.583500000000004, 0.13578935893508012,0.9333737373737374,0.0,4, 100, 31.36, 32.02, 31.56, 31.574900000000003, 0.13240464493362786,0.9211111111111111,0.0,5, 100, 31.3, 32.02, 31.56, 31.566700000000004, 0.13671909157100204,0.8897171717171717,0.0,6, 100, 31.32, 32.02, 31.57, 31.578900000000008, 0.145505291999982,0.8555959595959596,0.0,7, 100, 31.27, 32.02, 31.57, 31.574900000000003, 0.13951698821290562,0.843993265993266,0.0,8, 100, 31.33, 32.02, 31.56, 31.5721, 0.13732658154923996,0.8231784511784512,0.0,9, 100, 31.32, 32.02, 31.56, 31.573999999999998, 0.13969967788080256,0.7972390572390573,0.0,10, 100, 31.32, 32.02, 31.545, 31.564300000000003, 0.14082084362763925,0.7844242424242425,0.0,11, 100, 31.35, 32.02, 31.56, 31.569899999999997, 0.12477575886365119,0.7645925925925926,0.0,12, 100, 31.36, 32.02, 31.575, 31.587, 0.12728314892396428,0.7701885521885521,0.0,