generation number, pop_size, worst, best, median, avg, std, diversity, improvement, number_of_selections
0, 2, 430.36, 438.43, 434.395, 434.395, 4.034999999999997,0.5333333333333333,0,[1.e-300 1.e-300 1.e-300 1.e-300 1.e-300 1.e-300 1.e-300 1.e-300]
1, 2, 438.43, 439.42, 438.925, 438.925, 0.49500000000000455,0.1333333333333333,0.002258057158497386,[1.e+000 1.e+000 1.e-300 1.e-300 1.e-300 1.e-300 1.e-300 1.e-300]
2, 2, 425.66, 439.42, 432.54, 432.54, 6.8799999999999955,0.06666666666666665,0.0,[1.e+000 1.e+000 1.e+000 1.e+000 1.e-300 1.e-300 1.e-300 1.e-300]
3, 2, 434.05, 439.42, 436.735, 436.735, 2.6850000000000023,0.1333333333333333,0.0,[1.e+000 1.e+000 1.e+000 1.e+000 1.e+000 1.e+000 1.e-300 1.e-300]
4, 2, 433.74, 439.42, 436.58000000000004, 436.58000000000004, 2.8400000000000034,0.6333333333333333,0.0,[1. 1. 1. 1. 1. 1. 1. 1.]
5, 3, 434.25, 442.07, 439.42, 438.58, 3.2472860463264794,0.1333333333333333,0.006030676801237944,[2. 1. 1. 1. 1. 2. 1. 1.]
6, 2, 439.44, 442.07, 440.755, 440.755, 1.3149999999999977
