generation number, pop_size, worst, best, median, avg, std, diversity, improvement, number_of_selections
0, 100, 13.89, 17.25, 15.955, 16.018800000000002, 0.609341086748629,0.9143434343434343,0,1, 100, 15.41, 17.25, 16.325, 16.3341, 0.431337675145587,0.8861616161616162,0.0,2, 100, 15.45, 17.87, 16.525, 16.523, 0.5423992994095771,0.8367070707070707,0.0359420289855073,3, 100, 15.77, 18.02, 16.869999999999997, 16.811, 0.4815236235118689,0.7967272727272727,0.008393956351426892,4, 100, 15.86, 18.12, 17.08, 17.0212, 0.5038021040051341,0.7677777777777778,0.005549389567147693,5, 100, 16.03, 18.38, 17.01, 17.0804, 0.5188427892917085,0.7463030303030302,0.01434878587196457,6, 100, 16.0, 18.67, 17.225, 17.1663, 0.5251317072887526,0.7176565656565657,0.015778019586507222,7, 100, 16.27, 18.67, 17.200000000000003, 17.215899999999998, 0.5005359028081804,0.723939393939394,0.0,8, 100, 16.27, 18.67, 17.255000000000003, 17.253099999999996, 0.49832859641003935,0.7161010101010101,0.0,9, 100, 16.56, 18.67, 17.3, 17.3567, 0.4182608157597363,0.6865252525252525,0.0,10, 100, 16.21, 18.67, 17.295, 17.313499999999998, 0.49321673734779115,0.6946868686868687,0.0,11, 100, 16.39, 18.67, 17.32, 17.319000000000003, 0.4832338978176097,0.6672929292929294,0.0,12, 100, 16.49, 18.67, 17.44, 17.4198, 0.4686618823843049,0.6335151515151516,0.0,13, 100, 16.35, 18.67, 17.42, 17.4537, 0.4725603770948218,0.6227070707070708,0.0,14, 100, 16.26, 18.67, 17.34, 17.398699999999998, 0.47488452280528165,0.6245252525252525,0.0,15, 100, 16.37, 18.67, 17.49, 17.4741, 0.4962763242388255
