generation number, pop_size, worst, best, median, avg, std, diversity, improvement, number_of_selections
0, 100, 41.53, 42.28, 41.98, 41.965299999999985, 0.15911916917832364,0.9998282828282828,0,1, 100, 41.71, 42.37, 42.015, 42.00499999999999, 0.14499310328425974,0.9763585858585858,0.0021286660359507168,2, 100, 41.7, 42.45, 42.0, 42.020199999999996, 0.17625538289652357,0.9398383838383838,0.0018881283927308333,3, 100, 41.69, 42.45, 42.045, 42.0586, 0.16066748270885445,0.911959595959596,0.0,4, 100, 41.78, 42.45, 42.035, 42.0525, 0.14515078366994769,0.8767929292929293,0.0,5, 100, 41.72, 42.45, 42.055, 42.06420000000001, 0.15102436889455978,0.8466666666666667,0.0,6, 100, 41.74, 42.48, 42.06, 42.0617, 0.13844172059028997,0.8272222222222223,0.0007067137809185873,7, 100, 41.72, 42.48, 42.05, 42.0674, 0.15645203737887228,0.7993787878787879,0.0,8, 100, 41.73, 42.48, 42.065, 42.0666, 0.1547205222328315,0.7681919191919192,0.0,9, 100, 41.78, 42.48, 42.08, 42.080299999999994, 0.1588487015999821,0.7783535353535354,0.0,10, 100, 41.68, 42.48, 42.11, 42.10130000000001, 0.14539363810015904,0.7635101010101011,0.0,11, 100, 41.73, 42.71, 42.075, 42.107, 0.17275705484870968,0.753060606060606,0.005414312617702542,12, 100, 41.81, 42.71, 42.05, 42.069700000000005, 0.1574639958847736,0.7296515151515152,0.0,13, 100, 41.78, 42.71, 42.02, 42.0433, 0.17896399079144376,0.7284292929292929,0.0,14, 100, 41.76, 42.71, 42.09, 42.07770000000001, 0.15919079747271803,0.7123030303030303,0.0,15, 100, 41.83, 42.71, 42.08, 42.0894, 0.15164972799184312,0.7142474747474747,0.0,16, 100, 41.66, 42.71, 42.09, 42.070699999999995, 0.18143458876410526,0.6790252525252526,0.0,17, 100, 41.79, 42.71, 42.085, 42.097300000000004, 0.16018648507286745,0.6377575757575757,0.0,18, 100, 41.82, 42.71, 42.07, 42.0911, 0.16199317886874112,0.6472070707070707,0.0,19, 100, 41.84, 42.71, 42.09, 42.0959, 0.1522504187186358,0.6615656565656567,0.0,20, 100, 41.71, 42.71, 42.07, 42.0672, 0.1708337203247646,0.6565707070707071,0.0,21, 100, 41.74, 42.71, 42.07, 42.078100000000006, 0.16634118551940125,0.6498232323232322,0.0,22, 100, 41.87, 42.71, 42.105000000000004, 42.1205, 0.13676530992908983,0.652979797979798,0.0,