generation number, pop_size, worst, best, median, avg, std, diversity, improvement, number_of_selections
0, 100, 41.76, 42.5, 42.02, 42.04080000000001, 0.14284033043927055,0.9995909090909091,0,1, 100, 41.73, 42.5, 42.08, 42.07119999999999, 0.16321323475747904,0.9751868686868687,0.0,2, 100, 41.72, 42.5, 42.065, 42.069700000000005, 0.133622266108609,0.9480858585858586,0.0,3, 100, 41.75, 42.5, 42.03, 42.0531, 0.16613064136395764,0.9326161616161617,0.0,4, 100, 41.77, 42.5, 42.065, 42.06270000000001, 0.1510155952211558,0.888429292929293,0.0,5, 100, 41.79, 42.52, 42.03, 42.0769, 0.16976274620775894,0.8775353535353535,0.0004705882352941912,6, 100, 41.81, 42.52, 42.055, 42.0717, 0.15022686177911063,0.8633585858585858,0.0,7, 100, 41.76, 42.52, 42.1, 42.1075, 0.15274406698788653,0.8674191919191919,0.0,8, 100, 41.8, 42.52, 42.06, 42.084, 0.15085091978506487,0.8576565656565657,0.0,9, 100, 41.83, 42.52, 42.085, 42.0951, 0.14451640045337408,0.8513232323232323,0.0,10, 100, 41.79, 42.52, 42.09, 42.09610000000001, 0.13524714414729785,0.8103181818181818,0.0,11, 100, 41.76, 42.7, 42.085, 42.08700000000001, 0.1652482980245183,0.8039040404040404,0.004233301975540915,12, 100, 41.76, 42.7, 42.045, 42.05780000000001, 0.1584145195365629,0.7868333333333334,0.0,13, 100, 41.76, 42.7, 42.065, 42.08740000000001, 0.17430215144971734,0.7802727272727272,0.0,14, 100, 41.79, 42.7, 42.07, 42.0855, 0.16765664317288512,0.7779191919191919,0.0,15, 100, 41.88, 42.7, 42.125, 42.1301, 0.16344720860265563,0.7891313131313131,0.0,16, 100, 41.72, 42.7, 42.08, 42.080299999999994, 0.16478746918379442,0.788510101010101,0.0,17, 100, 41.79, 42.7, 42.045, 42.061899999999994, 0.1545425184213075,0.77,0.0,18, 100, 41.75, 42.7, 42.065, 42.0742, 0.15820353978340734,0.7742272727272727,0.0,19, 100, 41.79, 42.7, 42.055, 42.08160000000001, 0.16899538455236007,0.7450303030303029,0.0,20, 100, 41.71, 42.7, 42.065, 42.0804, 0.17206347665905158,0.736010101010101,0.0,21, 100, 41.8, 42.7, 42.1, 42.1012, 0.1522713367643434,0.7248686868686869,0.0,22, 100, 41.79, 42.7, 42.05, 42.0652, 0.16580398065185328,0.7207020202020202,0.0,