generation number, pop_size, worst, best, median, avg, std, diversity, improvement, number_of_selections
0, 100, 52.0, 52.94, 52.455, 52.45470000000001, 0.17245553049989437,0.9998626262626262,0,1, 100, 52.16, 52.95, 52.525000000000006, 52.52340000000001, 0.18219341371191214,0.9703555555555555,0.00018889308651313027,2, 100, 52.17, 52.95, 52.504999999999995, 52.51559999999999, 0.17546691995929026,0.941179797979798,0.0,3, 100, 52.18, 52.95, 52.495000000000005, 52.511, 0.16002187350484312,0.9149373737373737,0.0,4, 100, 52.25, 53.0, 52.56, 52.5705, 0.1698727464898354,0.8804686868686868,0.0009442870632671795,5, 100, 52.23, 53.0, 52.545, 52.574600000000004, 0.1716357771561634,0.8709777777777777,0.0,6, 100, 52.25, 53.04, 52.595, 52.61080000000001, 0.17311083155019522,0.8415757575757576,0.0007547169811320594,7, 100, 52.15, 53.13, 52.575, 52.601000000000006, 0.17175855146105562,0.7915353535353535,0.0016968325791855846,8, 100, 52.27, 53.13, 52.61, 52.6171, 0.18191918535437637,0.7727070707070707,0.0,9, 100, 52.31, 53.2, 52.59, 52.615, 0.1956246405747501,0.719179797979798,0.0013175230566534967,10, 100, 52.28, 53.2, 52.61, 52.6218, 0.18508581793319562,0.7120525252525253,0.0,11, 100, 52.24, 53.2, 52.6, 52.607599999999984, 0.16672804203252706,0.7274464646464647,0.0,12, 100, 52.28, 53.2, 52.59, 52.610699999999994, 0.1893106177687881,0.7073656565656565,0.0,13, 100, 52.37, 53.2, 52.635000000000005, 52.640100000000004, 0.1725427193479925,0.6850787878787878,0.0,14, 100, 52.3, 53.2, 52.625, 52.62120000000001, 0.17610951138425235,0.6639474747474748,0.0,15, 100, 52.28, 53.2, 52.64, 52.630199999999995, 0.1622466024297583,0.6605212121212121,0.0,16, 100, 52.31, 53.2, 52.57, 52.6144, 0.1706770048952116,0.6131676767676768,0.0,17, 100, 52.28, 53.2, 52.63, 52.6425, 0.18771987108454977,0.5946909090909089,0.0,18, 100, 52.29, 53.2, 52.605000000000004, 52.6211, 0.17277670560581973,0.5665494949494949,0.0,19, 100, 52.26, 53.2, 52.61, 52.6137, 0.18080738369878593,0.5781737373737373,0.0,20, 100, 52.31, 53.2, 52.59, 52.60810000000001, 0.184465145759301,0.5500969696969698,0.0,